-- phpMyAdmin SQL Dump
-- version 4.6.4
-- https://www.phpmyadmin.net/
--
-- Host: 127.0.0.1
-- Generation Time: Oct 19, 2018 at 07:39 AM
-- Server version: 5.7.14
-- PHP Version: 7.0.10

SET SQL_MODE = "NO_AUTO_VALUE_ON_ZERO";
SET time_zone = "+00:00";


/*!40101 SET @OLD_CHARACTER_SET_CLIENT=@@CHARACTER_SET_CLIENT */;
/*!40101 SET @OLD_CHARACTER_SET_RESULTS=@@CHARACTER_SET_RESULTS */;
/*!40101 SET @OLD_COLLATION_CONNECTION=@@COLLATION_CONNECTION */;
/*!40101 SET NAMES utf8mb4 */;

--
-- Database: `horsesimdb`
--

-- --------------------------------------------------------

--
-- Table structure for table `horses`
--

CREATE TABLE `horses` (
  `id` int(11) NOT NULL,
  `race_id` int(11) NOT NULL,
  `horse_no` int(11) NOT NULL,
  `speed` float NOT NULL DEFAULT '0',
  `strength` float NOT NULL DEFAULT '0',
  `endurance` float NOT NULL DEFAULT '0',
  `distance_covered` float NOT NULL,
  `position` int(11) NOT NULL,
  `currenttime` time NOT NULL,
  `status` varchar(255) COLLATE utf8_unicode_ci NOT NULL
) ENGINE=InnoDB DEFAULT CHARSET=utf8 COLLATE=utf8_unicode_ci;

--
-- Dumping data for table `horses`
--

INSERT INTO `horses` (`id`, `race_id`, `horse_no`, `speed`, `strength`, `endurance`, `distance_covered`, `position`, `currenttime`, `status`) VALUES
(1, 1, 1, 1.6, 4, 7.1, 1500, 0, '00:09:50', 'Completed'),
(2, 1, 2, 9.3, 3.8, 4.3, 1500, 0, '00:02:20', 'Completed'),
(3, 1, 3, 2.9, 0.5, 10, 1500, 0, '00:05:00', 'Completed'),
(4, 1, 4, 3.9, 6.3, 9, 1500, 0, '00:04:10', 'Completed'),
(5, 1, 5, 9.9, 2.1, 0.4, 1500, 0, '00:02:30', 'Completed'),
(6, 1, 6, 6.1, 3.4, 2.6, 1500, 0, '00:03:50', 'Completed'),
(7, 1, 7, 7.9, 10, 5.5, 1500, 0, '00:02:40', 'Completed'),
(8, 1, 8, 8.6, 1.1, 9.3, 1500, 0, '00:02:20', 'Completed'),
(9, 2, 1, 2.5, 2.2, 1.1, 1500, 0, '00:09:20', 'Completed'),
(10, 2, 2, 5.6, 1.6, 0.9, 1500, 0, '00:04:20', 'Completed'),
(11, 2, 3, 8.2, 5.3, 8.3, 1500, 0, '00:02:20', 'Completed'),
(12, 2, 4, 3, 0.6, 2.3, 1500, 0, '00:07:30', 'Completed'),
(13, 2, 5, 9.7, 3, 6, 1500, 0, '00:02:10', 'Completed'),
(14, 2, 6, 0.3, 1.9, 8.2, 1500, 0, '00:37:10', 'Completed'),
(15, 2, 7, 5.3, 4.1, 2.8, 1500, 0, '00:04:20', 'Completed'),
(16, 2, 8, 7.3, 2.6, 7.2, 1500, 0, '00:02:50', 'Completed'),
(17, 3, 1, 8.9, 1.7, 1.7, 1500, 0, '00:02:40', 'Completed'),
(18, 3, 2, 5.3, 4.3, 5.2, 1500, 0, '00:03:50', 'Completed'),
(19, 3, 3, 4.2, 5.5, 0.2, 1500, 0, '00:05:50', 'Completed'),
(20, 3, 4, 0.2, 5.7, 1.9, 1500, 0, '00:38:30', 'Completed'),
(21, 3, 5, 5, 5.3, 4.5, 1500, 0, '00:04:10', 'Completed'),
(22, 3, 6, 9.9, 8.9, 9.8, 1500, 0, '00:02:00', 'Completed'),
(23, 3, 7, 6.4, 4.9, 6.4, 1500, 0, '00:03:10', 'Completed'),
(24, 3, 8, 2.8, 7.4, 2.8, 1500, 0, '00:07:40', 'Completed'),
(25, 4, 1, 3, 1.4, 7.2, 1500, 0, '00:05:40', 'Completed'),
(26, 4, 2, 4.4, 1, 2.9, 1500, 0, '00:05:00', 'Completed'),
(27, 4, 3, 5.1, 3, 5.3, 1500, 0, '00:04:00', 'Completed'),
(28, 4, 4, 1.9, 6.8, 0.1, 1500, 0, '00:12:30', 'Completed'),
(29, 4, 5, 6.2, 3.7, 7.9, 1500, 0, '00:03:00', 'Completed'),
(30, 4, 6, 0.5, 3.3, 5.8, 1500, 0, '00:30:20', 'Completed'),
(31, 4, 7, 7.7, 4.8, 9.1, 1500, 0, '00:02:30', 'Completed'),
(32, 4, 8, 0.8, 4.1, 5.2, 1500, 0, '00:21:10', 'Completed'),
(33, 5, 1, 7.7, 4.5, 3.5, 1500, 0, '00:03:00', 'Completed'),
(34, 5, 2, 0.6, 9.2, 6.7, 1500, 0, '00:22:30', 'Completed'),
(35, 5, 3, 4.6, 2.8, 1.1, 1500, 0, '00:05:10', 'Completed'),
(36, 5, 4, 0.8, 6.7, 7.6, 1500, 0, '00:15:50', 'Completed'),
(37, 5, 5, 3.9, 8.5, 1.8, 1500, 0, '00:05:50', 'Completed'),
(38, 5, 6, 4.2, 0, 0.9, 1500, 0, '00:05:50', 'Completed'),
(39, 5, 7, 1.4, 2, 8.4, 1500, 0, '00:09:30', 'Completed'),
(40, 5, 8, 8.7, 5, 2.1, 1500, 0, '00:02:50', 'Completed'),
(41, 6, 1, 6.6, 2.3, 1.5, 430.552, 0, '00:00:50', 'Active'),
(42, 6, 2, 0, 4, 1.3, 150.64, 0, '00:00:50', 'Active'),
(43, 6, 3, 3, 0.8, 0, 200.256, 0, '00:00:50', 'Active'),
(44, 6, 4, 8.9, 3.7, 7.4, 695, 0, '00:00:50', 'Active'),
(45, 6, 5, 1.5, 8, 7.3, 325, 0, '00:00:50', 'Active'),
(46, 6, 6, 6.5, 0.4, 8.8, 575, 0, '00:00:50', 'Active'),
(47, 6, 7, 2.5, 9.5, 5.9, 375, 0, '00:00:50', 'Active'),
(48, 6, 8, 3.5, 2.6, 8.5, 425, 0, '00:00:50', 'Active'),
(49, 7, 1, 5.4, 2.9, 2, 370.696, 0, '00:00:50', 'Active'),
(50, 7, 2, 2.8, 5.2, 6.7, 390, 0, '00:00:50', 'Active'),
(51, 7, 3, 8.8, 8.2, 4.6, 640.656, 0, '00:00:50', 'Active'),
(52, 7, 4, 4.5, 4.3, 2.4, 375.688, 0, '00:00:50', 'Active'),
(53, 7, 5, 7.7, 5.4, 0.5, 436.728, 0, '00:00:50', 'Active'),
(54, 7, 6, 2, 8.7, 2.7, 300.696, 0, '00:00:50', 'Active'),
(55, 7, 7, 6.4, 8.6, 6.6, 570, 0, '00:00:50', 'Active'),
(56, 7, 8, 6, 8, 4.4, 550, 0, '00:00:50', 'Active'),
(57, 8, 1, 2.4, 2.7, 7.3, 1500, 0, '00:07:00', 'Completed'),
(58, 8, 2, 2.9, 10, 1.3, 1500, 0, '00:08:00', 'Completed'),
(59, 8, 3, 9.9, 5.7, 9, 1500, 0, '00:02:00', 'Completed'),
(60, 8, 4, 8, 0.7, 8.8, 1500, 0, '00:02:30', 'Completed'),
(61, 8, 5, 8.9, 4.4, 7.9, 1500, 0, '00:02:20', 'Completed'),
(62, 8, 6, 9.3, 9.8, 1.8, 1500, 0, '00:02:30', 'Completed'),
(63, 8, 7, 1.1, 4.8, 4, 1500, 0, '00:17:00', 'Completed'),
(64, 8, 8, 7.1, 6.5, 1.1, 1500, 0, '00:03:30', 'Completed');

-- --------------------------------------------------------

--
-- Table structure for table `progress`
--

CREATE TABLE `progress` (
  `id` int(11) NOT NULL,
  `raceid` int(11) NOT NULL,
  `horseid` int(11) NOT NULL,
  `distance_covered` float NOT NULL,
  `position` int(11) NOT NULL DEFAULT '0',
  `currenttime` time NOT NULL,
  `advancing_distance` float NOT NULL,
  `strength_distance` float NOT NULL
) ENGINE=InnoDB DEFAULT CHARSET=utf8 COLLATE=utf8_unicode_ci;

--
-- Dumping data for table `progress`
--

INSERT INTO `progress` (`id`, `raceid`, `horseid`, `distance_covered`, `position`, `currenttime`, `advancing_distance`, `strength_distance`) VALUES
(1, 1, 1, 66, 0, '00:00:10', 66, 0.32),
(2, 1, 2, 143, 0, '00:00:10', 143, 0.304),
(3, 1, 3, 79, 0, '00:00:10', 79, 0.04),
(4, 1, 4, 89, 0, '00:00:10', 89, 0.504),
(5, 1, 5, 149, 0, '00:00:10', 149, 0.168),
(6, 1, 6, 111, 0, '00:00:10', 111, 0.272),
(7, 1, 7, 129, 0, '00:00:10', 129, 0.8),
(8, 1, 8, 136, 0, '00:00:10', 136, 0.088),
(9, 1, 1, 132, 0, '00:00:20', 66, 0.32),
(10, 1, 2, 286, 0, '00:00:20', 143, 0.304),
(11, 1, 3, 158, 0, '00:00:20', 79, 0.04),
(12, 1, 4, 178, 0, '00:00:20', 89, 0.504),
(13, 1, 5, 248.168, 0, '00:00:20', 99.168, 0.168),
(14, 1, 6, 222, 0, '00:00:20', 111, 0.272),
(15, 1, 7, 258, 0, '00:00:20', 129, 0.8),
(16, 1, 8, 272, 0, '00:00:20', 136, 0.088),
(17, 1, 1, 198, 0, '00:00:30', 66, 0.32),
(18, 1, 2, 429, 0, '00:00:30', 143, 0.304),
(19, 1, 3, 237, 0, '00:00:30', 79, 0.04),
(20, 1, 4, 267, 0, '00:00:30', 89, 0.504),
(21, 1, 5, 347.336, 0, '00:00:30', 99.168, 0.168),
(22, 1, 6, 333, 0, '00:00:30', 111, 0.272),
(23, 1, 7, 387, 0, '00:00:30', 129, 0.8),
(24, 1, 8, 408, 0, '00:00:30', 136, 0.088),
(25, 1, 1, 264, 0, '00:00:40', 66, 0.32),
(26, 1, 2, 572, 0, '00:00:40', 143, 0.304),
(27, 1, 3, 316, 0, '00:00:40', 79, 0.04),
(28, 1, 4, 356, 0, '00:00:40', 89, 0.504),
(29, 1, 5, 446.504, 0, '00:00:40', 99.168, 0.168),
(30, 1, 6, 394.272, 0, '00:00:40', 61.272, 0.272),
(31, 1, 7, 516, 0, '00:00:40', 129, 0.8),
(32, 1, 8, 544, 0, '00:00:40', 136, 0.088),
(33, 1, 1, 330, 0, '00:00:50', 66, 0.32),
(34, 1, 2, 665.304, 0, '00:00:50', 93.304, 0.304),
(35, 1, 3, 395, 0, '00:00:50', 79, 0.04),
(36, 1, 4, 445, 0, '00:00:50', 89, 0.504),
(37, 1, 5, 545.672, 0, '00:00:50', 99.168, 0.168),
(38, 1, 6, 455.544, 0, '00:00:50', 61.272, 0.272),
(39, 1, 7, 645, 0, '00:00:50', 129, 0.8),
(40, 1, 8, 680, 0, '00:00:50', 136, 0.088),
(41, 1, 1, 396, 0, '00:01:00', 66, 0.32),
(42, 1, 2, 758.608, 0, '00:01:00', 93.304, 0.304),
(43, 1, 3, 474, 0, '00:01:00', 79, 0.04),
(44, 1, 4, 534, 0, '00:01:00', 89, 0.504),
(45, 1, 5, 644.84, 0, '00:01:00', 99.168, 0.168),
(46, 1, 6, 516.816, 0, '00:01:00', 61.272, 0.272),
(47, 1, 7, 724.8, 0, '00:01:00', 79.8, 0.8),
(48, 1, 8, 816, 0, '00:01:00', 136, 0.088),
(49, 1, 1, 462, 0, '00:01:10', 66, 0.32),
(50, 1, 2, 851.912, 0, '00:01:10', 93.304, 0.304),
(51, 1, 3, 553, 0, '00:01:10', 79, 0.04),
(52, 1, 4, 623, 0, '00:01:10', 89, 0.504),
(53, 1, 5, 744.008, 0, '00:01:10', 99.168, 0.168),
(54, 1, 6, 578.088, 0, '00:01:10', 61.272, 0.272),
(55, 1, 7, 804.6, 0, '00:01:10', 79.8, 0.8),
(56, 1, 8, 952, 0, '00:01:10', 136, 0.088),
(57, 1, 1, 528, 0, '00:01:20', 66, 0.32),
(58, 1, 2, 945.216, 0, '00:01:20', 93.304, 0.304),
(59, 1, 3, 632, 0, '00:01:20', 79, 0.04),
(60, 1, 4, 712, 0, '00:01:20', 89, 0.504),
(61, 1, 5, 843.176, 0, '00:01:20', 99.168, 0.168),
(62, 1, 6, 639.36, 0, '00:01:20', 61.272, 0.272),
(63, 1, 7, 884.4, 0, '00:01:20', 79.8, 0.8),
(64, 1, 8, 1038.09, 0, '00:01:20', 86.088, 0.088),
(65, 1, 1, 594, 0, '00:01:30', 66, 0.32),
(66, 1, 2, 1038.52, 0, '00:01:30', 93.304, 0.304),
(67, 1, 3, 711, 0, '00:01:30', 79, 0.04),
(68, 1, 4, 801, 0, '00:01:30', 89, 0.504),
(69, 1, 5, 942.344, 0, '00:01:30', 99.168, 0.168),
(70, 1, 6, 700.632, 0, '00:01:30', 61.272, 0.272),
(71, 1, 7, 964.2, 0, '00:01:30', 79.8, 0.8),
(72, 1, 8, 1124.18, 0, '00:01:30', 86.088, 0.088),
(73, 1, 1, 660, 0, '00:01:40', 66, 0.32),
(74, 1, 2, 1131.82, 0, '00:01:40', 93.304, 0.304),
(75, 1, 3, 790, 0, '00:01:40', 79, 0.04),
(76, 1, 4, 890, 0, '00:01:40', 89, 0.504),
(77, 1, 5, 1041.51, 0, '00:01:40', 99.168, 0.168),
(78, 1, 6, 761.904, 0, '00:01:40', 61.272, 0.272),
(79, 1, 7, 1044, 0, '00:01:40', 79.8, 0.8),
(80, 1, 8, 1210.27, 0, '00:01:40', 86.088, 0.088),
(81, 1, 1, 726, 0, '00:01:50', 66, 0.32),
(82, 1, 2, 1225.12, 0, '00:01:50', 93.304, 0.304),
(83, 1, 3, 869, 0, '00:01:50', 79, 0.04),
(84, 1, 4, 979, 0, '00:01:50', 89, 0.504),
(85, 1, 5, 1140.68, 0, '00:01:50', 99.168, 0.168),
(86, 1, 6, 823.176, 0, '00:01:50', 61.272, 0.272),
(87, 1, 7, 1123.8, 0, '00:01:50', 79.8, 0.8),
(88, 1, 8, 1296.36, 0, '00:01:50', 86.088, 0.088),
(89, 1, 1, 742.32, 0, '00:02:00', 16.32, 0.32),
(90, 1, 2, 1318.42, 0, '00:02:00', 93.304, 0.304),
(91, 1, 3, 948, 0, '00:02:00', 79, 0.04),
(92, 1, 4, 1018.5, 0, '00:02:00', 39.504, 0.504),
(93, 1, 5, 1239.85, 0, '00:02:00', 99.168, 0.168),
(94, 1, 6, 884.448, 0, '00:02:00', 61.272, 0.272),
(95, 1, 7, 1203.6, 0, '00:02:00', 79.8, 0.8),
(96, 1, 8, 1382.45, 0, '00:02:00', 86.088, 0.088),
(97, 1, 1, 758.64, 0, '00:02:10', 16.32, 0.32),
(98, 1, 2, 1411.72, 0, '00:02:10', 93.304, 0.304),
(99, 1, 3, 1027, 0, '00:02:10', 79, 0.04),
(100, 1, 4, 1058, 0, '00:02:10', 39.504, 0.504),
(101, 1, 5, 1339.02, 0, '00:02:10', 99.168, 0.168),
(102, 1, 6, 945.72, 0, '00:02:10', 61.272, 0.272),
(103, 1, 7, 1283.4, 0, '00:02:10', 79.8, 0.8),
(104, 1, 8, 1468.54, 0, '00:02:10', 86.088, 0.088),
(105, 1, 1, 774.96, 0, '00:02:20', 16.32, 0.32),
(106, 1, 2, 1500, 0, '00:02:20', 93.304, 0.304),
(107, 1, 3, 1056.04, 0, '00:02:20', 29.04, 0.04),
(108, 1, 4, 1097.5, 0, '00:02:20', 39.504, 0.504),
(109, 1, 5, 1438.19, 0, '00:02:20', 99.168, 0.168),
(110, 1, 6, 1006.99, 0, '00:02:20', 61.272, 0.272),
(111, 1, 7, 1363.2, 0, '00:02:20', 79.8, 0.8),
(112, 1, 8, 1500, 0, '00:02:20', 86.088, 0.088),
(113, 1, 1, 791.28, 0, '00:02:30', 16.32, 0.32),
(114, 1, 3, 1085.08, 0, '00:02:30', 29.04, 0.04),
(115, 1, 4, 1137, 0, '00:02:30', 39.504, 0.504),
(116, 1, 5, 1500, 0, '00:02:30', 99.168, 0.168),
(117, 1, 6, 1068.26, 0, '00:02:30', 61.272, 0.272),
(118, 1, 7, 1443, 0, '00:02:30', 79.8, 0.8),
(119, 1, 1, 807.6, 0, '00:02:40', 16.32, 0.32),
(120, 1, 3, 1114.12, 0, '00:02:40', 29.04, 0.04),
(121, 1, 4, 1176.5, 0, '00:02:40', 39.504, 0.504),
(122, 1, 6, 1129.53, 0, '00:02:40', 61.272, 0.272),
(123, 1, 7, 1500, 0, '00:02:40', 79.8, 0.8),
(124, 1, 1, 823.92, 0, '00:02:50', 16.32, 0.32),
(125, 1, 3, 1143.16, 0, '00:02:50', 29.04, 0.04),
(126, 1, 4, 1216, 0, '00:02:50', 39.504, 0.504),
(127, 1, 6, 1190.8, 0, '00:02:50', 61.272, 0.272),
(128, 1, 1, 840.24, 0, '00:03:00', 16.32, 0.32),
(129, 1, 3, 1172.2, 0, '00:03:00', 29.04, 0.04),
(130, 1, 4, 1255.5, 0, '00:03:00', 39.504, 0.504),
(131, 1, 6, 1252.07, 0, '00:03:00', 61.272, 0.272),
(132, 1, 1, 856.56, 0, '00:03:10', 16.32, 0.32),
(133, 1, 3, 1201.24, 0, '00:03:10', 29.04, 0.04),
(134, 1, 4, 1295, 0, '00:03:10', 39.504, 0.504),
(135, 1, 6, 1313.34, 0, '00:03:10', 61.272, 0.272),
(136, 1, 1, 872.88, 0, '00:03:20', 16.32, 0.32),
(137, 1, 3, 1230.28, 0, '00:03:20', 29.04, 0.04),
(138, 1, 4, 1334.5, 0, '00:03:20', 39.504, 0.504),
(139, 1, 6, 1374.61, 0, '00:03:20', 61.272, 0.272),
(140, 1, 1, 889.2, 0, '00:03:30', 16.32, 0.32),
(141, 1, 3, 1259.32, 0, '00:03:30', 29.04, 0.04),
(142, 1, 4, 1374, 0, '00:03:30', 39.504, 0.504),
(143, 1, 6, 1435.88, 0, '00:03:30', 61.272, 0.272),
(144, 1, 1, 905.52, 0, '00:03:40', 16.32, 0.32),
(145, 1, 3, 1288.36, 0, '00:03:40', 29.04, 0.04),
(146, 1, 4, 1413.5, 0, '00:03:40', 39.504, 0.504),
(147, 1, 6, 1497.15, 0, '00:03:40', 61.272, 0.272),
(148, 1, 1, 921.84, 0, '00:03:50', 16.32, 0.32),
(149, 1, 3, 1317.4, 0, '00:03:50', 29.04, 0.04),
(150, 1, 4, 1453, 0, '00:03:50', 39.504, 0.504),
(151, 1, 6, 1500, 0, '00:03:50', 61.272, 0.272),
(152, 1, 1, 938.16, 0, '00:04:00', 16.32, 0.32),
(153, 1, 3, 1346.44, 0, '00:04:00', 29.04, 0.04),
(154, 1, 4, 1492.5, 0, '00:04:00', 39.504, 0.504),
(155, 1, 1, 954.48, 0, '00:04:10', 16.32, 0.32),
(156, 1, 3, 1375.48, 0, '00:04:10', 29.04, 0.04),
(157, 1, 4, 1500, 0, '00:04:10', 39.504, 0.504),
(158, 1, 1, 970.8, 0, '00:04:20', 16.32, 0.32),
(159, 1, 3, 1404.52, 0, '00:04:20', 29.04, 0.04),
(160, 1, 1, 987.12, 0, '00:04:30', 16.32, 0.32),
(161, 1, 3, 1433.56, 0, '00:04:30', 29.04, 0.04),
(162, 1, 1, 1003.44, 0, '00:04:40', 16.32, 0.32),
(163, 1, 3, 1462.6, 0, '00:04:40', 29.04, 0.04),
(164, 1, 1, 1019.76, 0, '00:04:50', 16.32, 0.32),
(165, 1, 3, 1491.64, 0, '00:04:50', 29.04, 0.04),
(166, 1, 1, 1036.08, 0, '00:05:00', 16.32, 0.32),
(167, 1, 3, 1500, 0, '00:05:00', 29.04, 0.04),
(168, 1, 1, 1052.4, 0, '00:05:10', 16.32, 0.32),
(169, 1, 1, 1068.72, 0, '00:05:20', 16.32, 0.32),
(170, 1, 1, 1085.04, 0, '00:05:30', 16.32, 0.32),
(171, 1, 1, 1101.36, 0, '00:05:40', 16.32, 0.32),
(172, 1, 1, 1117.68, 0, '00:05:50', 16.32, 0.32),
(173, 1, 1, 1134, 0, '00:06:00', 16.32, 0.32),
(174, 1, 1, 1150.32, 0, '00:06:10', 16.32, 0.32),
(175, 1, 1, 1166.64, 0, '00:06:20', 16.32, 0.32),
(176, 1, 1, 1182.96, 0, '00:06:30', 16.32, 0.32),
(177, 1, 1, 1199.28, 0, '00:06:40', 16.32, 0.32),
(178, 1, 1, 1215.6, 0, '00:06:50', 16.32, 0.32),
(179, 1, 1, 1231.92, 0, '00:07:00', 16.32, 0.32),
(180, 1, 1, 1248.24, 0, '00:07:10', 16.32, 0.32),
(181, 1, 1, 1264.56, 0, '00:07:20', 16.32, 0.32),
(182, 1, 1, 1280.88, 0, '00:07:30', 16.32, 0.32),
(183, 1, 1, 1297.2, 0, '00:07:40', 16.32, 0.32),
(184, 1, 1, 1313.52, 0, '00:07:50', 16.32, 0.32),
(185, 1, 1, 1329.84, 0, '00:08:00', 16.32, 0.32),
(186, 1, 1, 1346.16, 0, '00:08:10', 16.32, 0.32),
(187, 1, 1, 1362.48, 0, '00:08:20', 16.32, 0.32),
(188, 1, 1, 1378.8, 0, '00:08:30', 16.32, 0.32),
(189, 1, 1, 1395.12, 0, '00:08:40', 16.32, 0.32),
(190, 1, 1, 1411.44, 0, '00:08:50', 16.32, 0.32),
(191, 1, 1, 1427.76, 0, '00:09:00', 16.32, 0.32),
(192, 1, 1, 1444.08, 0, '00:09:10', 16.32, 0.32),
(193, 1, 1, 1460.4, 0, '00:09:20', 16.32, 0.32),
(194, 1, 1, 1476.72, 0, '00:09:30', 16.32, 0.32),
(195, 1, 1, 1493.04, 0, '00:09:40', 16.32, 0.32),
(196, 1, 1, 1500, 0, '00:09:50', 16.32, 0.32),
(197, 2, 9, 75, 0, '00:00:10', 75, 0.176),
(198, 2, 10, 106, 0, '00:00:10', 106, 0.128),
(199, 2, 11, 132, 0, '00:00:10', 132, 0.424),
(200, 2, 12, 80, 0, '00:00:10', 80, 0.048),
(201, 2, 13, 147, 0, '00:00:10', 147, 0.24),
(202, 2, 14, 53, 0, '00:00:10', 53, 0.152),
(203, 2, 15, 103, 0, '00:00:10', 103, 0.328),
(204, 2, 16, 123, 0, '00:00:10', 123, 0.208),
(205, 2, 9, 150, 0, '00:00:20', 75, 0.176),
(206, 2, 10, 162.128, 0, '00:00:20', 56.128, 0.128),
(207, 2, 11, 264, 0, '00:00:20', 132, 0.424),
(208, 2, 12, 160, 0, '00:00:20', 80, 0.048),
(209, 2, 13, 294, 0, '00:00:20', 147, 0.24),
(210, 2, 14, 106, 0, '00:00:20', 53, 0.152),
(211, 2, 15, 206, 0, '00:00:20', 103, 0.328),
(212, 2, 16, 246, 0, '00:00:20', 123, 0.208),
(213, 2, 9, 175.176, 0, '00:00:30', 25.176, 0.176),
(214, 2, 10, 218.256, 0, '00:00:30', 56.128, 0.128),
(215, 2, 11, 396, 0, '00:00:30', 132, 0.424),
(216, 2, 12, 240, 0, '00:00:30', 80, 0.048),
(217, 2, 13, 441, 0, '00:00:30', 147, 0.24),
(218, 2, 14, 159, 0, '00:00:30', 53, 0.152),
(219, 2, 15, 309, 0, '00:00:30', 103, 0.328),
(220, 2, 16, 369, 0, '00:00:30', 123, 0.208),
(221, 2, 9, 200.352, 0, '00:00:40', 25.176, 0.176),
(222, 2, 10, 274.384, 0, '00:00:40', 56.128, 0.128),
(223, 2, 11, 528, 0, '00:00:40', 132, 0.424),
(224, 2, 12, 270.048, 0, '00:00:40', 30.048, 0.048),
(225, 2, 13, 588, 0, '00:00:40', 147, 0.24),
(226, 2, 14, 212, 0, '00:00:40', 53, 0.152),
(227, 2, 15, 362.328, 0, '00:00:40', 53.328, 0.328),
(228, 2, 16, 492, 0, '00:00:40', 123, 0.208),
(229, 2, 9, 225.528, 0, '00:00:50', 25.176, 0.176),
(230, 2, 10, 330.512, 0, '00:00:50', 56.128, 0.128),
(231, 2, 11, 660, 0, '00:00:50', 132, 0.424),
(232, 2, 12, 300.096, 0, '00:00:50', 30.048, 0.048),
(233, 2, 13, 735, 0, '00:00:50', 147, 0.24),
(234, 2, 14, 265, 0, '00:00:50', 53, 0.152),
(235, 2, 15, 415.656, 0, '00:00:50', 53.328, 0.328),
(236, 2, 16, 615, 0, '00:00:50', 123, 0.208),
(237, 2, 9, 250.704, 0, '00:01:00', 25.176, 0.176),
(238, 2, 10, 386.64, 0, '00:01:00', 56.128, 0.128),
(239, 2, 11, 792, 0, '00:01:00', 132, 0.424),
(240, 2, 12, 330.144, 0, '00:01:00', 30.048, 0.048),
(241, 2, 13, 832.24, 0, '00:01:00', 97.24, 0.24),
(242, 2, 14, 318, 0, '00:01:00', 53, 0.152),
(243, 2, 15, 468.984, 0, '00:01:00', 53.328, 0.328),
(244, 2, 16, 738, 0, '00:01:00', 123, 0.208),
(245, 2, 9, 275.88, 0, '00:01:10', 25.176, 0.176),
(246, 2, 10, 442.768, 0, '00:01:10', 56.128, 0.128),
(247, 2, 11, 924, 0, '00:01:10', 132, 0.424),
(248, 2, 12, 360.192, 0, '00:01:10', 30.048, 0.048),
(249, 2, 13, 929.48, 0, '00:01:10', 97.24, 0.24),
(250, 2, 14, 371, 0, '00:01:10', 53, 0.152),
(251, 2, 15, 522.312, 0, '00:01:10', 53.328, 0.328),
(252, 2, 16, 811.208, 0, '00:01:10', 73.208, 0.208),
(253, 2, 9, 301.056, 0, '00:01:20', 25.176, 0.176),
(254, 2, 10, 498.896, 0, '00:01:20', 56.128, 0.128),
(255, 2, 11, 1006.42, 0, '00:01:20', 82.424, 0.424),
(256, 2, 12, 390.24, 0, '00:01:20', 30.048, 0.048),
(257, 2, 13, 1026.72, 0, '00:01:20', 97.24, 0.24),
(258, 2, 14, 424, 0, '00:01:20', 53, 0.152),
(259, 2, 15, 575.64, 0, '00:01:20', 53.328, 0.328),
(260, 2, 16, 884.416, 0, '00:01:20', 73.208, 0.208),
(261, 2, 9, 326.232, 0, '00:01:30', 25.176, 0.176),
(262, 2, 10, 555.024, 0, '00:01:30', 56.128, 0.128),
(263, 2, 11, 1088.84, 0, '00:01:30', 82.424, 0.424),
(264, 2, 12, 420.288, 0, '00:01:30', 30.048, 0.048),
(265, 2, 13, 1123.96, 0, '00:01:30', 97.24, 0.24),
(266, 2, 14, 477, 0, '00:01:30', 53, 0.152),
(267, 2, 15, 628.968, 0, '00:01:30', 53.328, 0.328),
(268, 2, 16, 957.624, 0, '00:01:30', 73.208, 0.208),
(269, 2, 9, 351.408, 0, '00:01:40', 25.176, 0.176),
(270, 2, 10, 611.152, 0, '00:01:40', 56.128, 0.128),
(271, 2, 11, 1171.26, 0, '00:01:40', 82.424, 0.424),
(272, 2, 12, 450.336, 0, '00:01:40', 30.048, 0.048),
(273, 2, 13, 1221.2, 0, '00:01:40', 97.24, 0.24),
(274, 2, 14, 530, 0, '00:01:40', 53, 0.152),
(275, 2, 15, 682.296, 0, '00:01:40', 53.328, 0.328),
(276, 2, 16, 1030.83, 0, '00:01:40', 73.208, 0.208),
(277, 2, 9, 376.584, 0, '00:01:50', 25.176, 0.176),
(278, 2, 10, 667.28, 0, '00:01:50', 56.128, 0.128),
(279, 2, 11, 1253.68, 0, '00:01:50', 82.424, 0.424),
(280, 2, 12, 480.384, 0, '00:01:50', 30.048, 0.048),
(281, 2, 13, 1318.44, 0, '00:01:50', 97.24, 0.24),
(282, 2, 14, 583, 0, '00:01:50', 53, 0.152),
(283, 2, 15, 735.624, 0, '00:01:50', 53.328, 0.328),
(284, 2, 16, 1104.04, 0, '00:01:50', 73.208, 0.208),
(285, 2, 9, 401.76, 0, '00:02:00', 25.176, 0.176),
(286, 2, 10, 723.408, 0, '00:02:00', 56.128, 0.128),
(287, 2, 11, 1336.1, 0, '00:02:00', 82.424, 0.424),
(288, 2, 12, 510.432, 0, '00:02:00', 30.048, 0.048),
(289, 2, 13, 1415.68, 0, '00:02:00', 97.24, 0.24),
(290, 2, 14, 636, 0, '00:02:00', 53, 0.152),
(291, 2, 15, 788.952, 0, '00:02:00', 53.328, 0.328),
(292, 2, 16, 1177.25, 0, '00:02:00', 73.208, 0.208),
(293, 2, 9, 426.936, 0, '00:02:10', 25.176, 0.176),
(294, 2, 10, 779.536, 0, '00:02:10', 56.128, 0.128),
(295, 2, 11, 1418.52, 0, '00:02:10', 82.424, 0.424),
(296, 2, 12, 540.48, 0, '00:02:10', 30.048, 0.048),
(297, 2, 13, 1500, 0, '00:02:10', 97.24, 0.24),
(298, 2, 14, 689, 0, '00:02:10', 53, 0.152),
(299, 2, 15, 842.28, 0, '00:02:10', 53.328, 0.328),
(300, 2, 16, 1250.46, 0, '00:02:10', 73.208, 0.208),
(301, 2, 9, 452.112, 0, '00:02:20', 25.176, 0.176),
(302, 2, 10, 835.664, 0, '00:02:20', 56.128, 0.128),
(303, 2, 11, 1500, 0, '00:02:20', 82.424, 0.424),
(304, 2, 12, 570.528, 0, '00:02:20', 30.048, 0.048),
(305, 2, 14, 742, 0, '00:02:20', 53, 0.152),
(306, 2, 15, 895.608, 0, '00:02:20', 53.328, 0.328),
(307, 2, 16, 1323.67, 0, '00:02:20', 73.208, 0.208),
(308, 2, 9, 477.288, 0, '00:02:30', 25.176, 0.176),
(309, 2, 10, 891.792, 0, '00:02:30', 56.128, 0.128),
(310, 2, 12, 600.576, 0, '00:02:30', 30.048, 0.048),
(311, 2, 14, 795, 0, '00:02:30', 53, 0.152),
(312, 2, 15, 948.936, 0, '00:02:30', 53.328, 0.328),
(313, 2, 16, 1396.88, 0, '00:02:30', 73.208, 0.208),
(314, 2, 9, 502.464, 0, '00:02:40', 25.176, 0.176),
(315, 2, 10, 947.92, 0, '00:02:40', 56.128, 0.128),
(316, 2, 12, 630.624, 0, '00:02:40', 30.048, 0.048),
(317, 2, 14, 848, 0, '00:02:40', 53, 0.152),
(318, 2, 15, 1002.26, 0, '00:02:40', 53.328, 0.328),
(319, 2, 16, 1470.09, 0, '00:02:40', 73.208, 0.208),
(320, 2, 9, 527.64, 0, '00:02:50', 25.176, 0.176),
(321, 2, 10, 1004.05, 0, '00:02:50', 56.128, 0.128),
(322, 2, 12, 660.672, 0, '00:02:50', 30.048, 0.048),
(323, 2, 14, 851.152, 0, '00:02:50', 3.152, 0.152),
(324, 2, 15, 1055.59, 0, '00:02:50', 53.328, 0.328),
(325, 2, 16, 1500, 0, '00:02:50', 73.208, 0.208),
(326, 2, 9, 552.816, 0, '00:03:00', 25.176, 0.176),
(327, 2, 10, 1060.18, 0, '00:03:00', 56.128, 0.128),
(328, 2, 12, 690.72, 0, '00:03:00', 30.048, 0.048),
(329, 2, 14, 854.304, 0, '00:03:00', 3.152, 0.152),
(330, 2, 15, 1108.92, 0, '00:03:00', 53.328, 0.328),
(331, 2, 9, 577.992, 0, '00:03:10', 25.176, 0.176),
(332, 2, 10, 1116.31, 0, '00:03:10', 56.128, 0.128),
(333, 2, 12, 720.768, 0, '00:03:10', 30.048, 0.048),
(334, 2, 14, 857.456, 0, '00:03:10', 3.152, 0.152),
(335, 2, 15, 1162.25, 0, '00:03:10', 53.328, 0.328),
(336, 2, 9, 603.168, 0, '00:03:20', 25.176, 0.176),
(337, 2, 10, 1172.44, 0, '00:03:20', 56.128, 0.128),
(338, 2, 12, 750.816, 0, '00:03:20', 30.048, 0.048),
(339, 2, 14, 860.608, 0, '00:03:20', 3.152, 0.152),
(340, 2, 15, 1215.58, 0, '00:03:20', 53.328, 0.328),
(341, 2, 9, 628.344, 0, '00:03:30', 25.176, 0.176),
(342, 2, 10, 1228.57, 0, '00:03:30', 56.128, 0.128),
(343, 2, 12, 780.864, 0, '00:03:30', 30.048, 0.048),
(344, 2, 14, 863.76, 0, '00:03:30', 3.152, 0.152),
(345, 2, 15, 1268.91, 0, '00:03:30', 53.328, 0.328),
(346, 2, 9, 653.52, 0, '00:03:40', 25.176, 0.176),
(347, 2, 10, 1284.7, 0, '00:03:40', 56.128, 0.128),
(348, 2, 12, 810.912, 0, '00:03:40', 30.048, 0.048),
(349, 2, 14, 866.912, 0, '00:03:40', 3.152, 0.152),
(350, 2, 15, 1322.24, 0, '00:03:40', 53.328, 0.328),
(351, 2, 9, 678.696, 0, '00:03:50', 25.176, 0.176),
(352, 2, 10, 1340.83, 0, '00:03:50', 56.128, 0.128),
(353, 2, 12, 840.96, 0, '00:03:50', 30.048, 0.048),
(354, 2, 14, 870.064, 0, '00:03:50', 3.152, 0.152),
(355, 2, 15, 1375.57, 0, '00:03:50', 53.328, 0.328),
(356, 2, 9, 703.872, 0, '00:04:00', 25.176, 0.176),
(357, 2, 10, 1396.96, 0, '00:04:00', 56.128, 0.128),
(358, 2, 12, 871.008, 0, '00:04:00', 30.048, 0.048),
(359, 2, 14, 873.216, 0, '00:04:00', 3.152, 0.152),
(360, 2, 15, 1428.9, 0, '00:04:00', 53.328, 0.328),
(361, 2, 9, 729.048, 0, '00:04:10', 25.176, 0.176),
(362, 2, 10, 1453.09, 0, '00:04:10', 56.128, 0.128),
(363, 2, 12, 901.056, 0, '00:04:10', 30.048, 0.048),
(364, 2, 14, 876.368, 0, '00:04:10', 3.152, 0.152),
(365, 2, 15, 1482.23, 0, '00:04:10', 53.328, 0.328),
(366, 2, 9, 754.224, 0, '00:04:20', 25.176, 0.176),
(367, 2, 10, 1500, 0, '00:04:20', 56.128, 0.128),
(368, 2, 12, 931.104, 0, '00:04:20', 30.048, 0.048),
(369, 2, 14, 879.52, 0, '00:04:20', 3.152, 0.152),
(370, 2, 15, 1500, 0, '00:04:20', 53.328, 0.328),
(371, 2, 9, 779.4, 0, '00:04:30', 25.176, 0.176),
(372, 2, 12, 961.152, 0, '00:04:30', 30.048, 0.048),
(373, 2, 14, 882.672, 0, '00:04:30', 3.152, 0.152),
(374, 2, 9, 804.576, 0, '00:04:40', 25.176, 0.176),
(375, 2, 12, 991.2, 0, '00:04:40', 30.048, 0.048),
(376, 2, 14, 885.824, 0, '00:04:40', 3.152, 0.152),
(377, 2, 9, 829.752, 0, '00:04:50', 25.176, 0.176),
(378, 2, 12, 1021.25, 0, '00:04:50', 30.048, 0.048),
(379, 2, 14, 888.976, 0, '00:04:50', 3.152, 0.152),
(380, 2, 9, 854.928, 0, '00:05:00', 25.176, 0.176),
(381, 2, 12, 1051.3, 0, '00:05:00', 30.048, 0.048),
(382, 2, 14, 892.128, 0, '00:05:00', 3.152, 0.152),
(383, 2, 9, 880.104, 0, '00:05:10', 25.176, 0.176),
(384, 2, 12, 1081.35, 0, '00:05:10', 30.048, 0.048),
(385, 2, 14, 895.28, 0, '00:05:10', 3.152, 0.152),
(386, 2, 9, 905.28, 0, '00:05:20', 25.176, 0.176),
(387, 2, 12, 1111.4, 0, '00:05:20', 30.048, 0.048),
(388, 2, 14, 898.432, 0, '00:05:20', 3.152, 0.152),
(389, 2, 9, 930.456, 0, '00:05:30', 25.176, 0.176),
(390, 2, 12, 1141.45, 0, '00:05:30', 30.048, 0.048),
(391, 2, 14, 901.584, 0, '00:05:30', 3.152, 0.152),
(392, 2, 9, 955.632, 0, '00:05:40', 25.176, 0.176),
(393, 2, 12, 1171.5, 0, '00:05:40', 30.048, 0.048),
(394, 2, 14, 904.736, 0, '00:05:40', 3.152, 0.152),
(395, 2, 9, 980.808, 0, '00:05:50', 25.176, 0.176),
(396, 2, 12, 1201.55, 0, '00:05:50', 30.048, 0.048),
(397, 2, 14, 907.888, 0, '00:05:50', 3.152, 0.152),
(398, 2, 9, 1005.98, 0, '00:06:00', 25.176, 0.176),
(399, 2, 12, 1231.6, 0, '00:06:00', 30.048, 0.048),
(400, 2, 14, 911.04, 0, '00:06:00', 3.152, 0.152),
(401, 2, 9, 1031.16, 0, '00:06:10', 25.176, 0.176),
(402, 2, 12, 1261.65, 0, '00:06:10', 30.048, 0.048),
(403, 2, 14, 914.192, 0, '00:06:10', 3.152, 0.152),
(404, 2, 9, 1056.34, 0, '00:06:20', 25.176, 0.176),
(405, 2, 12, 1291.7, 0, '00:06:20', 30.048, 0.048),
(406, 2, 14, 917.344, 0, '00:06:20', 3.152, 0.152),
(407, 2, 9, 1081.52, 0, '00:06:30', 25.176, 0.176),
(408, 2, 12, 1321.75, 0, '00:06:30', 30.048, 0.048),
(409, 2, 14, 920.496, 0, '00:06:30', 3.152, 0.152),
(410, 2, 9, 1106.7, 0, '00:06:40', 25.176, 0.176),
(411, 2, 12, 1351.8, 0, '00:06:40', 30.048, 0.048),
(412, 2, 14, 923.648, 0, '00:06:40', 3.152, 0.152),
(413, 2, 9, 1131.88, 0, '00:06:50', 25.176, 0.176),
(414, 2, 12, 1381.85, 0, '00:06:50', 30.048, 0.048),
(415, 2, 14, 926.8, 0, '00:06:50', 3.152, 0.152),
(416, 2, 9, 1157.06, 0, '00:07:00', 25.176, 0.176),
(417, 2, 12, 1411.9, 0, '00:07:00', 30.048, 0.048),
(418, 2, 14, 929.952, 0, '00:07:00', 3.152, 0.152),
(419, 2, 9, 1182.24, 0, '00:07:10', 25.176, 0.176),
(420, 2, 12, 1441.95, 0, '00:07:10', 30.048, 0.048),
(421, 2, 14, 933.104, 0, '00:07:10', 3.152, 0.152),
(422, 2, 9, 1207.42, 0, '00:07:20', 25.176, 0.176),
(423, 2, 12, 1472, 0, '00:07:20', 30.048, 0.048),
(424, 2, 14, 936.256, 0, '00:07:20', 3.152, 0.152),
(425, 2, 9, 1232.6, 0, '00:07:30', 25.176, 0.176),
(426, 2, 12, 1500, 0, '00:07:30', 30.048, 0.048),
(427, 2, 14, 939.408, 0, '00:07:30', 3.152, 0.152),
(428, 2, 9, 1257.78, 0, '00:07:40', 25.176, 0.176),
(429, 2, 14, 942.56, 0, '00:07:40', 3.152, 0.152),
(430, 2, 9, 1282.96, 0, '00:07:50', 25.176, 0.176),
(431, 2, 14, 945.712, 0, '00:07:50', 3.152, 0.152),
(432, 2, 9, 1308.14, 0, '00:08:00', 25.176, 0.176),
(433, 2, 14, 948.864, 0, '00:08:00', 3.152, 0.152),
(434, 2, 9, 1333.32, 0, '00:08:10', 25.176, 0.176),
(435, 2, 14, 952.016, 0, '00:08:10', 3.152, 0.152),
(436, 2, 9, 1358.5, 0, '00:08:20', 25.176, 0.176),
(437, 2, 14, 955.168, 0, '00:08:20', 3.152, 0.152),
(438, 2, 9, 1383.68, 0, '00:08:30', 25.176, 0.176),
(439, 2, 14, 958.32, 0, '00:08:30', 3.152, 0.152),
(440, 2, 9, 1408.86, 0, '00:08:40', 25.176, 0.176),
(441, 2, 14, 961.472, 0, '00:08:40', 3.152, 0.152),
(442, 2, 9, 1434.04, 0, '00:08:50', 25.176, 0.176),
(443, 2, 14, 964.624, 0, '00:08:50', 3.152, 0.152),
(444, 2, 9, 1459.22, 0, '00:09:00', 25.176, 0.176),
(445, 2, 14, 967.776, 0, '00:09:00', 3.152, 0.152),
(446, 2, 9, 1484.4, 0, '00:09:10', 25.176, 0.176),
(447, 2, 14, 970.928, 0, '00:09:10', 3.152, 0.152),
(448, 2, 9, 1500, 0, '00:09:20', 25.176, 0.176),
(449, 2, 14, 974.08, 0, '00:09:20', 3.152, 0.152),
(450, 2, 14, 977.232, 0, '00:09:30', 3.152, 0.152),
(451, 2, 14, 980.384, 0, '00:09:40', 3.152, 0.152),
(452, 2, 14, 983.536, 0, '00:09:50', 3.152, 0.152),
(453, 2, 14, 986.688, 0, '00:10:00', 3.152, 0.152),
(454, 2, 14, 989.84, 0, '00:10:10', 3.152, 0.152),
(455, 2, 14, 992.992, 0, '00:10:20', 3.152, 0.152),
(456, 2, 14, 996.144, 0, '00:10:30', 3.152, 0.152),
(457, 2, 14, 999.296, 0, '00:10:40', 3.152, 0.152),
(458, 2, 14, 1002.45, 0, '00:10:50', 3.152, 0.152),
(459, 2, 14, 1005.6, 0, '00:11:00', 3.152, 0.152),
(460, 2, 14, 1008.75, 0, '00:11:10', 3.152, 0.152),
(461, 2, 14, 1011.9, 0, '00:11:20', 3.152, 0.152),
(462, 2, 14, 1015.05, 0, '00:11:30', 3.152, 0.152),
(463, 2, 14, 1018.2, 0, '00:11:40', 3.152, 0.152),
(464, 2, 14, 1021.35, 0, '00:11:50', 3.152, 0.152),
(465, 2, 14, 1024.5, 0, '00:12:00', 3.152, 0.152),
(466, 2, 14, 1027.65, 0, '00:12:10', 3.152, 0.152),
(467, 2, 14, 1030.8, 0, '00:12:20', 3.152, 0.152),
(468, 2, 14, 1033.95, 0, '00:12:30', 3.152, 0.152),
(469, 2, 14, 1037.1, 0, '00:12:40', 3.152, 0.152),
(470, 2, 14, 1040.25, 0, '00:12:50', 3.152, 0.152),
(471, 2, 14, 1043.4, 0, '00:13:00', 3.152, 0.152),
(472, 2, 14, 1046.55, 0, '00:13:10', 3.152, 0.152),
(473, 2, 14, 1049.7, 0, '00:13:20', 3.152, 0.152),
(474, 2, 14, 1052.85, 0, '00:13:30', 3.152, 0.152),
(475, 2, 14, 1056, 0, '00:13:40', 3.152, 0.152),
(476, 2, 14, 1059.15, 0, '00:13:50', 3.152, 0.152),
(477, 2, 14, 1062.3, 0, '00:14:00', 3.152, 0.152),
(478, 2, 14, 1065.45, 0, '00:14:10', 3.152, 0.152),
(479, 2, 14, 1068.6, 0, '00:14:20', 3.152, 0.152),
(480, 2, 14, 1071.75, 0, '00:14:30', 3.152, 0.152),
(481, 2, 14, 1074.9, 0, '00:14:40', 3.152, 0.152),
(482, 2, 14, 1078.05, 0, '00:14:50', 3.152, 0.152),
(483, 2, 14, 1081.2, 0, '00:15:00', 3.152, 0.152),
(484, 2, 14, 1084.35, 0, '00:15:10', 3.152, 0.152),
(485, 2, 14, 1087.5, 0, '00:15:20', 3.152, 0.152),
(486, 2, 14, 1090.65, 0, '00:15:30', 3.152, 0.152),
(487, 2, 14, 1093.8, 0, '00:15:40', 3.152, 0.152),
(488, 2, 14, 1096.95, 0, '00:15:50', 3.152, 0.152),
(489, 2, 14, 1100.1, 0, '00:16:00', 3.152, 0.152),
(490, 2, 14, 1103.25, 0, '00:16:10', 3.152, 0.152),
(491, 2, 14, 1106.4, 0, '00:16:20', 3.152, 0.152),
(492, 2, 14, 1109.55, 0, '00:16:30', 3.152, 0.152),
(493, 2, 14, 1112.7, 0, '00:16:40', 3.152, 0.152),
(494, 2, 14, 1115.85, 0, '00:16:50', 3.152, 0.152),
(495, 2, 14, 1119, 0, '00:17:00', 3.152, 0.152),
(496, 2, 14, 1122.15, 0, '00:17:10', 3.152, 0.152),
(497, 2, 14, 1125.3, 0, '00:17:20', 3.152, 0.152),
(498, 2, 14, 1128.45, 0, '00:17:30', 3.152, 0.152),
(499, 2, 14, 1131.6, 0, '00:17:40', 3.152, 0.152),
(500, 2, 14, 1134.75, 0, '00:17:50', 3.152, 0.152),
(501, 2, 14, 1137.9, 0, '00:18:00', 3.152, 0.152),
(502, 2, 14, 1141.05, 0, '00:18:10', 3.152, 0.152),
(503, 2, 14, 1144.2, 0, '00:18:20', 3.152, 0.152),
(504, 2, 14, 1147.35, 0, '00:18:30', 3.152, 0.152),
(505, 2, 14, 1150.5, 0, '00:18:40', 3.152, 0.152),
(506, 2, 14, 1153.65, 0, '00:18:50', 3.152, 0.152),
(507, 2, 14, 1156.8, 0, '00:19:00', 3.152, 0.152),
(508, 2, 14, 1159.95, 0, '00:19:10', 3.152, 0.152),
(509, 2, 14, 1163.1, 0, '00:19:20', 3.152, 0.152),
(510, 2, 14, 1166.25, 0, '00:19:30', 3.152, 0.152),
(511, 2, 14, 1169.4, 0, '00:19:40', 3.152, 0.152),
(512, 2, 14, 1172.55, 0, '00:19:50', 3.152, 0.152),
(513, 2, 14, 1175.7, 0, '00:20:00', 3.152, 0.152),
(514, 2, 14, 1178.85, 0, '00:20:10', 3.152, 0.152),
(515, 2, 14, 1182, 0, '00:20:20', 3.152, 0.152),
(516, 2, 14, 1185.15, 0, '00:20:30', 3.152, 0.152),
(517, 2, 14, 1188.3, 0, '00:20:40', 3.152, 0.152),
(518, 2, 14, 1191.45, 0, '00:20:50', 3.152, 0.152),
(519, 2, 14, 1194.6, 0, '00:21:00', 3.152, 0.152),
(520, 2, 14, 1197.75, 0, '00:21:10', 3.152, 0.152),
(521, 2, 14, 1200.9, 0, '00:21:20', 3.152, 0.152),
(522, 2, 14, 1204.05, 0, '00:21:30', 3.152, 0.152),
(523, 2, 14, 1207.2, 0, '00:21:40', 3.152, 0.152),
(524, 2, 14, 1210.35, 0, '00:21:50', 3.152, 0.152),
(525, 2, 14, 1213.5, 0, '00:22:00', 3.152, 0.152),
(526, 2, 14, 1216.65, 0, '00:22:10', 3.152, 0.152),
(527, 2, 14, 1219.8, 0, '00:22:20', 3.152, 0.152),
(528, 2, 14, 1222.95, 0, '00:22:30', 3.152, 0.152),
(529, 2, 14, 1226.1, 0, '00:22:40', 3.152, 0.152),
(530, 2, 14, 1229.25, 0, '00:22:50', 3.152, 0.152),
(531, 2, 14, 1232.4, 0, '00:23:00', 3.152, 0.152),
(532, 2, 14, 1235.55, 0, '00:23:10', 3.152, 0.152),
(533, 2, 14, 1238.7, 0, '00:23:20', 3.152, 0.152),
(534, 2, 14, 1241.85, 0, '00:23:30', 3.152, 0.152),
(535, 2, 14, 1245, 0, '00:23:40', 3.152, 0.152),
(536, 2, 14, 1248.15, 0, '00:23:50', 3.152, 0.152),
(537, 2, 14, 1251.3, 0, '00:24:00', 3.152, 0.152),
(538, 2, 14, 1254.45, 0, '00:24:10', 3.152, 0.152),
(539, 2, 14, 1257.6, 0, '00:24:20', 3.152, 0.152),
(540, 2, 14, 1260.75, 0, '00:24:30', 3.152, 0.152),
(541, 2, 14, 1263.9, 0, '00:24:40', 3.152, 0.152),
(542, 2, 14, 1267.05, 0, '00:24:50', 3.152, 0.152),
(543, 2, 14, 1270.2, 0, '00:25:00', 3.152, 0.152),
(544, 2, 14, 1273.35, 0, '00:25:10', 3.152, 0.152),
(545, 2, 14, 1276.5, 0, '00:25:20', 3.152, 0.152),
(546, 2, 14, 1279.65, 0, '00:25:30', 3.152, 0.152),
(547, 2, 14, 1282.8, 0, '00:25:40', 3.152, 0.152),
(548, 2, 14, 1285.95, 0, '00:25:50', 3.152, 0.152),
(549, 2, 14, 1289.1, 0, '00:26:00', 3.152, 0.152),
(550, 2, 14, 1292.25, 0, '00:26:10', 3.152, 0.152),
(551, 2, 14, 1295.4, 0, '00:26:20', 3.152, 0.152),
(552, 2, 14, 1298.55, 0, '00:26:30', 3.152, 0.152),
(553, 2, 14, 1301.7, 0, '00:26:40', 3.152, 0.152),
(554, 2, 14, 1304.85, 0, '00:26:50', 3.152, 0.152),
(555, 2, 14, 1308, 0, '00:27:00', 3.152, 0.152),
(556, 2, 14, 1311.15, 0, '00:27:10', 3.152, 0.152),
(557, 2, 14, 1314.3, 0, '00:27:20', 3.152, 0.152),
(558, 2, 14, 1317.45, 0, '00:27:30', 3.152, 0.152),
(559, 2, 14, 1320.6, 0, '00:27:40', 3.152, 0.152),
(560, 2, 14, 1323.75, 0, '00:27:50', 3.152, 0.152),
(561, 2, 14, 1326.9, 0, '00:28:00', 3.152, 0.152),
(562, 2, 14, 1330.05, 0, '00:28:10', 3.152, 0.152),
(563, 2, 14, 1333.2, 0, '00:28:20', 3.152, 0.152),
(564, 2, 14, 1336.35, 0, '00:28:30', 3.152, 0.152),
(565, 2, 14, 1339.5, 0, '00:28:40', 3.152, 0.152),
(566, 2, 14, 1342.65, 0, '00:28:50', 3.152, 0.152),
(567, 2, 14, 1345.8, 0, '00:29:00', 3.152, 0.152),
(568, 2, 14, 1348.95, 0, '00:29:10', 3.152, 0.152),
(569, 2, 14, 1352.1, 0, '00:29:20', 3.152, 0.152),
(570, 2, 14, 1355.25, 0, '00:29:30', 3.152, 0.152),
(571, 2, 14, 1358.4, 0, '00:29:40', 3.152, 0.152),
(572, 2, 14, 1361.55, 0, '00:29:50', 3.152, 0.152),
(573, 2, 14, 1364.7, 0, '00:30:00', 3.152, 0.152),
(574, 2, 14, 1367.85, 0, '00:30:10', 3.152, 0.152),
(575, 2, 14, 1371, 0, '00:30:20', 3.152, 0.152),
(576, 2, 14, 1374.15, 0, '00:30:30', 3.152, 0.152),
(577, 2, 14, 1377.3, 0, '00:30:40', 3.152, 0.152),
(578, 2, 14, 1380.45, 0, '00:30:50', 3.152, 0.152),
(579, 2, 14, 1383.6, 0, '00:31:00', 3.152, 0.152),
(580, 2, 14, 1386.75, 0, '00:31:10', 3.152, 0.152),
(581, 2, 14, 1389.9, 0, '00:31:20', 3.152, 0.152),
(582, 2, 14, 1393.05, 0, '00:31:30', 3.152, 0.152),
(583, 2, 14, 1396.2, 0, '00:31:40', 3.152, 0.152),
(584, 2, 14, 1399.35, 0, '00:31:50', 3.152, 0.152),
(585, 2, 14, 1402.5, 0, '00:32:00', 3.152, 0.152),
(586, 2, 14, 1405.65, 0, '00:32:10', 3.152, 0.152),
(587, 2, 14, 1408.8, 0, '00:32:20', 3.152, 0.152),
(588, 2, 14, 1411.95, 0, '00:32:30', 3.152, 0.152),
(589, 2, 14, 1415.1, 0, '00:32:40', 3.152, 0.152),
(590, 2, 14, 1418.25, 0, '00:32:50', 3.152, 0.152),
(591, 2, 14, 1421.4, 0, '00:33:00', 3.152, 0.152),
(592, 2, 14, 1424.55, 0, '00:33:10', 3.152, 0.152),
(593, 2, 14, 1427.7, 0, '00:33:20', 3.152, 0.152),
(594, 2, 14, 1430.85, 0, '00:33:30', 3.152, 0.152),
(595, 2, 14, 1434, 0, '00:33:40', 3.152, 0.152),
(596, 2, 14, 1437.15, 0, '00:33:50', 3.152, 0.152),
(597, 2, 14, 1440.3, 0, '00:34:00', 3.152, 0.152),
(598, 2, 14, 1443.45, 0, '00:34:10', 3.152, 0.152),
(599, 2, 14, 1446.6, 0, '00:34:20', 3.152, 0.152),
(600, 2, 14, 1449.75, 0, '00:34:30', 3.152, 0.152),
(601, 2, 14, 1452.9, 0, '00:34:40', 3.152, 0.152),
(602, 2, 14, 1456.05, 0, '00:34:50', 3.152, 0.152),
(603, 2, 14, 1459.2, 0, '00:35:00', 3.152, 0.152),
(604, 2, 14, 1462.35, 0, '00:35:10', 3.152, 0.152),
(605, 2, 14, 1465.5, 0, '00:35:20', 3.152, 0.152),
(606, 2, 14, 1468.65, 0, '00:35:30', 3.152, 0.152),
(607, 2, 14, 1471.8, 0, '00:35:40', 3.152, 0.152),
(608, 2, 14, 1474.95, 0, '00:35:50', 3.152, 0.152),
(609, 2, 14, 1478.1, 0, '00:36:00', 3.152, 0.152),
(610, 2, 14, 1481.25, 0, '00:36:10', 3.152, 0.152),
(611, 2, 14, 1484.4, 0, '00:36:20', 3.152, 0.152),
(612, 2, 14, 1487.55, 0, '00:36:30', 3.152, 0.152),
(613, 2, 14, 1490.7, 0, '00:36:40', 3.152, 0.152),
(614, 2, 14, 1493.85, 0, '00:36:50', 3.152, 0.152),
(615, 2, 14, 1497, 0, '00:37:00', 3.152, 0.152),
(616, 2, 14, 1500, 0, '00:37:10', 3.152, 0.152),
(617, 3, 17, 139, 0, '00:00:10', 139, 0.136),
(618, 3, 18, 103, 0, '00:00:10', 103, 0.344),
(619, 3, 19, 92, 0, '00:00:10', 92, 0.44),
(620, 3, 20, 52, 0, '00:00:10', 52, 0.456),
(621, 3, 21, 100, 0, '00:00:10', 100, 0.424),
(622, 3, 22, 149, 0, '00:00:10', 149, 0.712),
(623, 3, 23, 114, 0, '00:00:10', 114, 0.392),
(624, 3, 24, 78, 0, '00:00:10', 78, 0.592),
(625, 3, 17, 278, 0, '00:00:20', 139, 0.136),
(626, 3, 18, 206, 0, '00:00:20', 103, 0.344),
(627, 3, 19, 134.44, 0, '00:00:20', 42.44, 0.44),
(628, 3, 20, 104, 0, '00:00:20', 52, 0.456),
(629, 3, 21, 200, 0, '00:00:20', 100, 0.424),
(630, 3, 22, 298, 0, '00:00:20', 149, 0.712),
(631, 3, 23, 228, 0, '00:00:20', 114, 0.392),
(632, 3, 24, 156, 0, '00:00:20', 78, 0.592),
(633, 3, 17, 367.136, 0, '00:00:30', 89.136, 0.136),
(634, 3, 18, 309, 0, '00:00:30', 103, 0.344),
(635, 3, 19, 176.88, 0, '00:00:30', 42.44, 0.44),
(636, 3, 20, 156, 0, '00:00:30', 52, 0.456),
(637, 3, 21, 300, 0, '00:00:30', 100, 0.424),
(638, 3, 22, 447, 0, '00:00:30', 149, 0.712),
(639, 3, 23, 342, 0, '00:00:30', 114, 0.392),
(640, 3, 24, 234, 0, '00:00:30', 78, 0.592),
(641, 3, 17, 456.272, 0, '00:00:40', 89.136, 0.136),
(642, 3, 18, 412, 0, '00:00:40', 103, 0.344),
(643, 3, 19, 219.32, 0, '00:00:40', 42.44, 0.44),
(644, 3, 20, 208, 0, '00:00:40', 52, 0.456),
(645, 3, 21, 400, 0, '00:00:40', 100, 0.424),
(646, 3, 22, 596, 0, '00:00:40', 149, 0.712),
(647, 3, 23, 456, 0, '00:00:40', 114, 0.392),
(648, 3, 24, 312, 0, '00:00:40', 78, 0.592),
(649, 3, 17, 545.408, 0, '00:00:50', 89.136, 0.136),
(650, 3, 18, 515, 0, '00:00:50', 103, 0.344),
(651, 3, 19, 261.76, 0, '00:00:50', 42.44, 0.44),
(652, 3, 20, 210.456, 0, '00:00:50', 2.456, 0.456),
(653, 3, 21, 500, 0, '00:00:50', 100, 0.424),
(654, 3, 22, 745, 0, '00:00:50', 149, 0.712),
(655, 3, 23, 570, 0, '00:00:50', 114, 0.392),
(656, 3, 24, 340.592, 0, '00:00:50', 28.592, 0.592),
(657, 3, 17, 634.544, 0, '00:01:00', 89.136, 0.136),
(658, 3, 18, 618, 0, '00:01:00', 103, 0.344),
(659, 3, 19, 304.2, 0, '00:01:00', 42.44, 0.44),
(660, 3, 20, 212.912, 0, '00:01:00', 2.456, 0.456),
(661, 3, 21, 550.424, 0, '00:01:00', 50.424, 0.424),
(662, 3, 22, 894, 0, '00:01:00', 149, 0.712),
(663, 3, 23, 684, 0, '00:01:00', 114, 0.392),
(664, 3, 24, 369.184, 0, '00:01:00', 28.592, 0.592),
(665, 3, 17, 723.68, 0, '00:01:10', 89.136, 0.136),
(666, 3, 18, 671.344, 0, '00:01:10', 53.344, 0.344),
(667, 3, 19, 346.64, 0, '00:01:10', 42.44, 0.44),
(668, 3, 20, 215.368, 0, '00:01:10', 2.456, 0.456),
(669, 3, 21, 600.848, 0, '00:01:10', 50.424, 0.424),
(670, 3, 22, 1043, 0, '00:01:10', 149, 0.712),
(671, 3, 23, 748.392, 0, '00:01:10', 64.392, 0.392),
(672, 3, 24, 397.776, 0, '00:01:10', 28.592, 0.592),
(673, 3, 17, 812.816, 0, '00:01:20', 89.136, 0.136),
(674, 3, 18, 724.688, 0, '00:01:20', 53.344, 0.344),
(675, 3, 19, 389.08, 0, '00:01:20', 42.44, 0.44),
(676, 3, 20, 217.824, 0, '00:01:20', 2.456, 0.456),
(677, 3, 21, 651.272, 0, '00:01:20', 50.424, 0.424),
(678, 3, 22, 1142.71, 0, '00:01:20', 99.712, 0.712),
(679, 3, 23, 812.784, 0, '00:01:20', 64.392, 0.392),
(680, 3, 24, 426.368, 0, '00:01:20', 28.592, 0.592),
(681, 3, 17, 901.952, 0, '00:01:30', 89.136, 0.136),
(682, 3, 18, 778.032, 0, '00:01:30', 53.344, 0.344),
(683, 3, 19, 431.52, 0, '00:01:30', 42.44, 0.44),
(684, 3, 20, 220.28, 0, '00:01:30', 2.456, 0.456),
(685, 3, 21, 701.696, 0, '00:01:30', 50.424, 0.424),
(686, 3, 22, 1242.42, 0, '00:01:30', 99.712, 0.712),
(687, 3, 23, 877.176, 0, '00:01:30', 64.392, 0.392),
(688, 3, 24, 454.96, 0, '00:01:30', 28.592, 0.592),
(689, 3, 17, 991.088, 0, '00:01:40', 89.136, 0.136),
(690, 3, 18, 831.376, 0, '00:01:40', 53.344, 0.344),
(691, 3, 19, 473.96, 0, '00:01:40', 42.44, 0.44),
(692, 3, 20, 222.736, 0, '00:01:40', 2.456, 0.456),
(693, 3, 21, 752.12, 0, '00:01:40', 50.424, 0.424),
(694, 3, 22, 1342.13, 0, '00:01:40', 99.712, 0.712),
(695, 3, 23, 941.568, 0, '00:01:40', 64.392, 0.392),
(696, 3, 24, 483.552, 0, '00:01:40', 28.592, 0.592),
(697, 3, 17, 1080.22, 0, '00:01:50', 89.136, 0.136),
(698, 3, 18, 884.72, 0, '00:01:50', 53.344, 0.344),
(699, 3, 19, 516.4, 0, '00:01:50', 42.44, 0.44),
(700, 3, 20, 225.192, 0, '00:01:50', 2.456, 0.456),
(701, 3, 21, 802.544, 0, '00:01:50', 50.424, 0.424),
(702, 3, 22, 1441.84, 0, '00:01:50', 99.712, 0.712),
(703, 3, 23, 1005.96, 0, '00:01:50', 64.392, 0.392),
(704, 3, 24, 512.144, 0, '00:01:50', 28.592, 0.592),
(705, 3, 17, 1169.36, 0, '00:02:00', 89.136, 0.136),
(706, 3, 18, 938.064, 0, '00:02:00', 53.344, 0.344),
(707, 3, 19, 558.84, 0, '00:02:00', 42.44, 0.44),
(708, 3, 20, 227.648, 0, '00:02:00', 2.456, 0.456),
(709, 3, 21, 852.968, 0, '00:02:00', 50.424, 0.424),
(710, 3, 22, 1500, 0, '00:02:00', 99.712, 0.712),
(711, 3, 23, 1070.35, 0, '00:02:00', 64.392, 0.392),
(712, 3, 24, 540.736, 0, '00:02:00', 28.592, 0.592),
(713, 3, 17, 1258.5, 0, '00:02:10', 89.136, 0.136),
(714, 3, 18, 991.408, 0, '00:02:10', 53.344, 0.344),
(715, 3, 19, 601.28, 0, '00:02:10', 42.44, 0.44),
(716, 3, 20, 230.104, 0, '00:02:10', 2.456, 0.456),
(717, 3, 21, 903.392, 0, '00:02:10', 50.424, 0.424),
(718, 3, 23, 1134.74, 0, '00:02:10', 64.392, 0.392),
(719, 3, 24, 569.328, 0, '00:02:10', 28.592, 0.592),
(720, 3, 17, 1347.64, 0, '00:02:20', 89.136, 0.136),
(721, 3, 18, 1044.75, 0, '00:02:20', 53.344, 0.344),
(722, 3, 19, 643.72, 0, '00:02:20', 42.44, 0.44),
(723, 3, 20, 232.56, 0, '00:02:20', 2.456, 0.456),
(724, 3, 21, 953.816, 0, '00:02:20', 50.424, 0.424),
(725, 3, 23, 1199.13, 0, '00:02:20', 64.392, 0.392),
(726, 3, 24, 597.92, 0, '00:02:20', 28.592, 0.592),
(727, 3, 17, 1436.78, 0, '00:02:30', 89.136, 0.136),
(728, 3, 18, 1098.09, 0, '00:02:30', 53.344, 0.344),
(729, 3, 19, 686.16, 0, '00:02:30', 42.44, 0.44),
(730, 3, 20, 235.016, 0, '00:02:30', 2.456, 0.456),
(731, 3, 21, 1004.24, 0, '00:02:30', 50.424, 0.424),
(732, 3, 23, 1263.52, 0, '00:02:30', 64.392, 0.392),
(733, 3, 24, 626.512, 0, '00:02:30', 28.592, 0.592),
(734, 3, 17, 1500, 0, '00:02:40', 89.136, 0.136),
(735, 3, 18, 1151.43, 0, '00:02:40', 53.344, 0.344),
(736, 3, 19, 728.6, 0, '00:02:40', 42.44, 0.44),
(737, 3, 20, 237.472, 0, '00:02:40', 2.456, 0.456),
(738, 3, 21, 1054.66, 0, '00:02:40', 50.424, 0.424),
(739, 3, 23, 1327.91, 0, '00:02:40', 64.392, 0.392),
(740, 3, 24, 655.104, 0, '00:02:40', 28.592, 0.592),
(741, 3, 18, 1204.77, 0, '00:02:50', 53.344, 0.344),
(742, 3, 19, 771.04, 0, '00:02:50', 42.44, 0.44),
(743, 3, 20, 239.928, 0, '00:02:50', 2.456, 0.456),
(744, 3, 21, 1105.08, 0, '00:02:50', 50.424, 0.424),
(745, 3, 23, 1392.3, 0, '00:02:50', 64.392, 0.392),
(746, 3, 24, 683.696, 0, '00:02:50', 28.592, 0.592),
(747, 3, 18, 1258.11, 0, '00:03:00', 53.344, 0.344),
(748, 3, 19, 813.48, 0, '00:03:00', 42.44, 0.44),
(749, 3, 20, 242.384, 0, '00:03:00', 2.456, 0.456),
(750, 3, 21, 1155.5, 0, '00:03:00', 50.424, 0.424),
(751, 3, 23, 1456.69, 0, '00:03:00', 64.392, 0.392),
(752, 3, 24, 712.288, 0, '00:03:00', 28.592, 0.592),
(753, 3, 18, 1311.45, 0, '00:03:10', 53.344, 0.344),
(754, 3, 19, 855.92, 0, '00:03:10', 42.44, 0.44),
(755, 3, 20, 244.84, 0, '00:03:10', 2.456, 0.456),
(756, 3, 21, 1205.92, 0, '00:03:10', 50.424, 0.424),
(757, 3, 23, 1500, 0, '00:03:10', 64.392, 0.392),
(758, 3, 24, 740.88, 0, '00:03:10', 28.592, 0.592),
(759, 3, 18, 1364.79, 0, '00:03:20', 53.344, 0.344),
(760, 3, 19, 898.36, 0, '00:03:20', 42.44, 0.44),
(761, 3, 20, 247.296, 0, '00:03:20', 2.456, 0.456),
(762, 3, 21, 1256.34, 0, '00:03:20', 50.424, 0.424),
(763, 3, 24, 769.472, 0, '00:03:20', 28.592, 0.592),
(764, 3, 18, 1418.13, 0, '00:03:30', 53.344, 0.344),
(765, 3, 19, 940.8, 0, '00:03:30', 42.44, 0.44),
(766, 3, 20, 249.752, 0, '00:03:30', 2.456, 0.456),
(767, 3, 21, 1306.76, 0, '00:03:30', 50.424, 0.424),
(768, 3, 24, 798.064, 0, '00:03:30', 28.592, 0.592),
(769, 3, 18, 1471.47, 0, '00:03:40', 53.344, 0.344),
(770, 3, 19, 983.24, 0, '00:03:40', 42.44, 0.44),
(771, 3, 20, 252.208, 0, '00:03:40', 2.456, 0.456),
(772, 3, 21, 1357.18, 0, '00:03:40', 50.424, 0.424),
(773, 3, 24, 826.656, 0, '00:03:40', 28.592, 0.592),
(774, 3, 18, 1500, 0, '00:03:50', 53.344, 0.344),
(775, 3, 19, 1025.68, 0, '00:03:50', 42.44, 0.44),
(776, 3, 20, 254.664, 0, '00:03:50', 2.456, 0.456),
(777, 3, 21, 1407.6, 0, '00:03:50', 50.424, 0.424),
(778, 3, 24, 855.248, 0, '00:03:50', 28.592, 0.592),
(779, 3, 19, 1068.12, 0, '00:04:00', 42.44, 0.44),
(780, 3, 20, 257.12, 0, '00:04:00', 2.456, 0.456),
(781, 3, 21, 1458.02, 0, '00:04:00', 50.424, 0.424),
(782, 3, 24, 883.84, 0, '00:04:00', 28.592, 0.592),
(783, 3, 19, 1110.56, 0, '00:04:10', 42.44, 0.44),
(784, 3, 20, 259.576, 0, '00:04:10', 2.456, 0.456),
(785, 3, 21, 1500, 0, '00:04:10', 50.424, 0.424),
(786, 3, 24, 912.432, 0, '00:04:10', 28.592, 0.592),
(787, 3, 19, 1153, 0, '00:04:20', 42.44, 0.44),
(788, 3, 20, 262.032, 0, '00:04:20', 2.456, 0.456),
(789, 3, 24, 941.024, 0, '00:04:20', 28.592, 0.592),
(790, 3, 19, 1195.44, 0, '00:04:30', 42.44, 0.44),
(791, 3, 20, 264.488, 0, '00:04:30', 2.456, 0.456),
(792, 3, 24, 969.616, 0, '00:04:30', 28.592, 0.592),
(793, 3, 19, 1237.88, 0, '00:04:40', 42.44, 0.44),
(794, 3, 20, 266.944, 0, '00:04:40', 2.456, 0.456),
(795, 3, 24, 998.208, 0, '00:04:40', 28.592, 0.592),
(796, 3, 19, 1280.32, 0, '00:04:50', 42.44, 0.44),
(797, 3, 20, 269.4, 0, '00:04:50', 2.456, 0.456),
(798, 3, 24, 1026.8, 0, '00:04:50', 28.592, 0.592),
(799, 3, 19, 1322.76, 0, '00:05:00', 42.44, 0.44),
(800, 3, 20, 271.856, 0, '00:05:00', 2.456, 0.456),
(801, 3, 24, 1055.39, 0, '00:05:00', 28.592, 0.592),
(802, 3, 19, 1365.2, 0, '00:05:10', 42.44, 0.44),
(803, 3, 20, 274.312, 0, '00:05:10', 2.456, 0.456),
(804, 3, 24, 1083.98, 0, '00:05:10', 28.592, 0.592),
(805, 3, 19, 1407.64, 0, '00:05:20', 42.44, 0.44),
(806, 3, 20, 276.768, 0, '00:05:20', 2.456, 0.456),
(807, 3, 24, 1112.57, 0, '00:05:20', 28.592, 0.592),
(808, 3, 19, 1450.08, 0, '00:05:30', 42.44, 0.44),
(809, 3, 20, 279.224, 0, '00:05:30', 2.456, 0.456),
(810, 3, 24, 1141.16, 0, '00:05:30', 28.592, 0.592),
(811, 3, 19, 1492.52, 0, '00:05:40', 42.44, 0.44),
(812, 3, 20, 281.68, 0, '00:05:40', 2.456, 0.456),
(813, 3, 24, 1169.75, 0, '00:05:40', 28.592, 0.592),
(814, 3, 19, 1500, 0, '00:05:50', 42.44, 0.44),
(815, 3, 20, 284.136, 0, '00:05:50', 2.456, 0.456),
(816, 3, 24, 1198.34, 0, '00:05:50', 28.592, 0.592),
(817, 3, 20, 286.592, 0, '00:06:00', 2.456, 0.456),
(818, 3, 24, 1226.93, 0, '00:06:00', 28.592, 0.592),
(819, 3, 20, 289.048, 0, '00:06:10', 2.456, 0.456),
(820, 3, 24, 1255.52, 0, '00:06:10', 28.592, 0.592),
(821, 3, 20, 291.504, 0, '00:06:20', 2.456, 0.456),
(822, 3, 24, 1284.11, 0, '00:06:20', 28.592, 0.592),
(823, 3, 20, 293.96, 0, '00:06:30', 2.456, 0.456),
(824, 3, 24, 1312.7, 0, '00:06:30', 28.592, 0.592),
(825, 3, 20, 296.416, 0, '00:06:40', 2.456, 0.456),
(826, 3, 24, 1341.29, 0, '00:06:40', 28.592, 0.592),
(827, 3, 20, 298.872, 0, '00:06:50', 2.456, 0.456),
(828, 3, 24, 1369.88, 0, '00:06:50', 28.592, 0.592),
(829, 3, 20, 301.328, 0, '00:07:00', 2.456, 0.456),
(830, 3, 24, 1398.47, 0, '00:07:00', 28.592, 0.592),
(831, 3, 20, 303.784, 0, '00:07:10', 2.456, 0.456),
(832, 3, 24, 1427.06, 0, '00:07:10', 28.592, 0.592),
(833, 3, 20, 306.24, 0, '00:07:20', 2.456, 0.456),
(834, 3, 24, 1455.65, 0, '00:07:20', 28.592, 0.592),
(835, 3, 20, 308.696, 0, '00:07:30', 2.456, 0.456),
(836, 3, 24, 1484.24, 0, '00:07:30', 28.592, 0.592),
(837, 3, 20, 311.152, 0, '00:07:40', 2.456, 0.456),
(838, 3, 24, 1500, 0, '00:07:40', 28.592, 0.592),
(839, 3, 20, 313.608, 0, '00:07:50', 2.456, 0.456),
(840, 3, 20, 316.064, 0, '00:08:00', 2.456, 0.456),
(841, 3, 20, 318.52, 0, '00:08:10', 2.456, 0.456),
(842, 3, 20, 320.976, 0, '00:08:20', 2.456, 0.456),
(843, 3, 20, 323.432, 0, '00:08:30', 2.456, 0.456),
(844, 3, 20, 325.888, 0, '00:08:40', 2.456, 0.456),
(845, 3, 20, 328.344, 0, '00:08:50', 2.456, 0.456),
(846, 3, 20, 330.8, 0, '00:09:00', 2.456, 0.456),
(847, 3, 20, 333.256, 0, '00:09:10', 2.456, 0.456),
(848, 3, 20, 335.712, 0, '00:09:20', 2.456, 0.456),
(849, 3, 20, 338.168, 0, '00:09:30', 2.456, 0.456),
(850, 3, 20, 340.624, 0, '00:09:40', 2.456, 0.456),
(851, 3, 20, 343.08, 0, '00:09:50', 2.456, 0.456),
(852, 3, 20, 345.536, 0, '00:10:00', 2.456, 0.456),
(853, 3, 20, 347.992, 0, '00:10:10', 2.456, 0.456),
(854, 3, 20, 350.448, 0, '00:10:20', 2.456, 0.456),
(855, 3, 20, 352.904, 0, '00:10:30', 2.456, 0.456),
(856, 3, 20, 355.36, 0, '00:10:40', 2.456, 0.456),
(857, 3, 20, 357.816, 0, '00:10:50', 2.456, 0.456),
(858, 3, 20, 360.272, 0, '00:11:00', 2.456, 0.456),
(859, 3, 20, 362.728, 0, '00:11:10', 2.456, 0.456),
(860, 3, 20, 365.184, 0, '00:11:20', 2.456, 0.456),
(861, 3, 20, 367.64, 0, '00:11:30', 2.456, 0.456),
(862, 3, 20, 370.096, 0, '00:11:40', 2.456, 0.456),
(863, 3, 20, 372.552, 0, '00:11:50', 2.456, 0.456),
(864, 3, 20, 375.008, 0, '00:12:00', 2.456, 0.456),
(865, 3, 20, 377.464, 0, '00:12:10', 2.456, 0.456),
(866, 3, 20, 379.92, 0, '00:12:20', 2.456, 0.456),
(867, 3, 20, 382.376, 0, '00:12:30', 2.456, 0.456),
(868, 3, 20, 384.832, 0, '00:12:40', 2.456, 0.456),
(869, 3, 20, 387.288, 0, '00:12:50', 2.456, 0.456),
(870, 3, 20, 389.744, 0, '00:13:00', 2.456, 0.456),
(871, 3, 20, 392.2, 0, '00:13:10', 2.456, 0.456),
(872, 3, 20, 394.656, 0, '00:13:20', 2.456, 0.456),
(873, 3, 20, 397.112, 0, '00:13:30', 2.456, 0.456),
(874, 3, 20, 399.568, 0, '00:13:40', 2.456, 0.456),
(875, 3, 20, 402.024, 0, '00:13:50', 2.456, 0.456),
(876, 3, 20, 404.48, 0, '00:14:00', 2.456, 0.456),
(877, 3, 20, 406.936, 0, '00:14:10', 2.456, 0.456),
(878, 3, 20, 409.392, 0, '00:14:20', 2.456, 0.456),
(879, 3, 20, 411.848, 0, '00:14:30', 2.456, 0.456),
(880, 3, 20, 414.304, 0, '00:14:40', 2.456, 0.456),
(881, 3, 20, 416.76, 0, '00:14:50', 2.456, 0.456),
(882, 3, 20, 419.216, 0, '00:15:00', 2.456, 0.456),
(883, 3, 20, 421.672, 0, '00:15:10', 2.456, 0.456),
(884, 3, 20, 424.128, 0, '00:15:20', 2.456, 0.456),
(885, 3, 20, 426.584, 0, '00:15:30', 2.456, 0.456),
(886, 3, 20, 429.04, 0, '00:15:40', 2.456, 0.456),
(887, 3, 20, 431.496, 0, '00:15:50', 2.456, 0.456),
(888, 3, 20, 433.952, 0, '00:16:00', 2.456, 0.456),
(889, 3, 20, 436.408, 0, '00:16:10', 2.456, 0.456),
(890, 3, 20, 438.864, 0, '00:16:20', 2.456, 0.456),
(891, 3, 20, 441.32, 0, '00:16:30', 2.456, 0.456),
(892, 3, 20, 443.776, 0, '00:16:40', 2.456, 0.456),
(893, 3, 20, 446.232, 0, '00:16:50', 2.456, 0.456),
(894, 3, 20, 448.688, 0, '00:17:00', 2.456, 0.456),
(895, 3, 20, 451.144, 0, '00:17:10', 2.456, 0.456),
(896, 3, 20, 453.6, 0, '00:17:20', 2.456, 0.456),
(897, 3, 20, 456.056, 0, '00:17:30', 2.456, 0.456),
(898, 3, 20, 458.512, 0, '00:17:40', 2.456, 0.456),
(899, 3, 20, 460.968, 0, '00:17:50', 2.456, 0.456),
(900, 3, 20, 463.424, 0, '00:18:00', 2.456, 0.456),
(901, 3, 20, 465.88, 0, '00:18:10', 2.456, 0.456),
(902, 3, 20, 468.336, 0, '00:18:20', 2.456, 0.456),
(903, 3, 20, 470.792, 0, '00:18:30', 2.456, 0.456),
(904, 3, 20, 473.248, 0, '00:18:40', 2.456, 0.456),
(905, 3, 20, 475.704, 0, '00:18:50', 2.456, 0.456),
(906, 3, 20, 478.16, 0, '00:19:00', 2.456, 0.456),
(907, 3, 20, 480.616, 0, '00:19:10', 2.456, 0.456),
(908, 3, 20, 483.072, 0, '00:19:20', 2.456, 0.456),
(909, 3, 20, 485.528, 0, '00:19:30', 2.456, 0.456),
(910, 3, 20, 487.984, 0, '00:19:40', 2.456, 0.456),
(911, 3, 20, 490.44, 0, '00:19:50', 2.456, 0.456),
(912, 3, 20, 492.896, 0, '00:20:00', 2.456, 0.456),
(913, 3, 20, 495.352, 0, '00:20:10', 2.456, 0.456),
(914, 3, 20, 497.808, 0, '00:20:20', 2.456, 0.456),
(915, 3, 20, 500.264, 0, '00:20:30', 2.456, 0.456),
(916, 3, 20, 502.72, 0, '00:20:40', 2.456, 0.456),
(917, 3, 20, 505.176, 0, '00:20:50', 2.456, 0.456),
(918, 3, 20, 507.632, 0, '00:21:00', 2.456, 0.456),
(919, 3, 20, 510.088, 0, '00:21:10', 2.456, 0.456),
(920, 3, 20, 512.544, 0, '00:21:20', 2.456, 0.456),
(921, 3, 20, 515, 0, '00:21:30', 2.456, 0.456),
(922, 3, 20, 517.456, 0, '00:21:40', 2.456, 0.456),
(923, 3, 20, 519.912, 0, '00:21:50', 2.456, 0.456),
(924, 3, 20, 522.368, 0, '00:22:00', 2.456, 0.456),
(925, 3, 20, 524.824, 0, '00:22:10', 2.456, 0.456),
(926, 3, 20, 527.28, 0, '00:22:20', 2.456, 0.456),
(927, 3, 20, 529.736, 0, '00:22:30', 2.456, 0.456),
(928, 3, 20, 532.192, 0, '00:22:40', 2.456, 0.456),
(929, 3, 20, 534.648, 0, '00:22:50', 2.456, 0.456),
(930, 3, 20, 537.104, 0, '00:23:00', 2.456, 0.456),
(931, 3, 20, 539.56, 0, '00:23:10', 2.456, 0.456),
(932, 3, 20, 542.016, 0, '00:23:20', 2.456, 0.456),
(933, 3, 20, 544.472, 0, '00:23:30', 2.456, 0.456),
(934, 3, 20, 546.928, 0, '00:23:40', 2.456, 0.456),
(935, 3, 20, 549.384, 0, '00:23:50', 2.456, 0.456),
(936, 3, 20, 551.84, 0, '00:24:00', 2.456, 0.456),
(937, 3, 20, 554.296, 0, '00:24:10', 2.456, 0.456),
(938, 3, 20, 556.752, 0, '00:24:20', 2.456, 0.456),
(939, 3, 20, 559.208, 0, '00:24:30', 2.456, 0.456),
(940, 3, 20, 561.664, 0, '00:24:40', 2.456, 0.456),
(941, 3, 20, 564.12, 0, '00:24:50', 2.456, 0.456),
(942, 3, 20, 566.576, 0, '00:25:00', 2.456, 0.456),
(943, 3, 20, 569.032, 0, '00:25:10', 2.456, 0.456),
(944, 3, 20, 571.488, 0, '00:25:20', 2.456, 0.456),
(945, 3, 20, 573.944, 0, '00:25:30', 2.456, 0.456),
(946, 3, 20, 576.4, 0, '00:25:40', 2.456, 0.456),
(947, 3, 20, 578.856, 0, '00:25:50', 2.456, 0.456),
(948, 3, 20, 581.312, 0, '00:26:00', 2.456, 0.456),
(949, 3, 20, 583.768, 0, '00:26:10', 2.456, 0.456),
(950, 3, 20, 586.224, 0, '00:26:20', 2.456, 0.456),
(951, 3, 20, 588.68, 0, '00:26:30', 2.456, 0.456),
(952, 3, 20, 591.136, 0, '00:26:40', 2.456, 0.456),
(953, 3, 20, 593.592, 0, '00:26:50', 2.456, 0.456),
(954, 3, 20, 596.048, 0, '00:27:00', 2.456, 0.456),
(955, 3, 20, 598.504, 0, '00:27:10', 2.456, 0.456),
(956, 3, 20, 600.96, 0, '00:27:20', 2.456, 0.456),
(957, 3, 20, 603.416, 0, '00:27:30', 2.456, 0.456),
(958, 3, 20, 605.872, 0, '00:27:40', 2.456, 0.456),
(959, 3, 20, 608.328, 0, '00:27:50', 2.456, 0.456),
(960, 3, 20, 610.784, 0, '00:28:00', 2.456, 0.456),
(961, 3, 20, 613.24, 0, '00:28:10', 2.456, 0.456),
(962, 3, 20, 615.696, 0, '00:28:20', 2.456, 0.456),
(963, 3, 20, 618.152, 0, '00:28:30', 2.456, 0.456),
(964, 3, 20, 620.608, 0, '00:28:40', 2.456, 0.456),
(965, 3, 20, 623.064, 0, '00:28:50', 2.456, 0.456),
(966, 3, 20, 625.52, 0, '00:29:00', 2.456, 0.456),
(967, 3, 20, 627.976, 0, '00:29:10', 2.456, 0.456),
(968, 3, 20, 630.432, 0, '00:29:20', 2.456, 0.456),
(969, 3, 20, 632.888, 0, '00:29:30', 2.456, 0.456),
(970, 3, 20, 635.344, 0, '00:29:40', 2.456, 0.456),
(971, 3, 20, 637.8, 0, '00:29:50', 2.456, 0.456),
(972, 3, 20, 640.256, 0, '00:30:00', 2.456, 0.456),
(973, 3, 20, 642.712, 0, '00:30:10', 2.456, 0.456),
(974, 3, 20, 645.168, 0, '00:30:20', 2.456, 0.456),
(975, 3, 20, 647.624, 0, '00:30:30', 2.456, 0.456),
(976, 3, 20, 650.08, 0, '00:30:40', 2.456, 0.456),
(977, 3, 20, 652.536, 0, '00:30:50', 2.456, 0.456),
(978, 3, 20, 654.992, 0, '00:31:00', 2.456, 0.456),
(979, 3, 20, 657.448, 0, '00:31:10', 2.456, 0.456),
(980, 3, 20, 659.904, 0, '00:31:20', 2.456, 0.456),
(981, 3, 20, 662.36, 0, '00:31:30', 2.456, 0.456),
(982, 3, 20, 664.816, 0, '00:31:40', 2.456, 0.456),
(983, 3, 20, 667.272, 0, '00:31:50', 2.456, 0.456),
(984, 3, 20, 669.728, 0, '00:32:00', 2.456, 0.456),
(985, 3, 20, 672.184, 0, '00:32:10', 2.456, 0.456),
(986, 3, 20, 674.64, 0, '00:32:20', 2.456, 0.456),
(987, 3, 20, 677.096, 0, '00:32:30', 2.456, 0.456),
(988, 3, 20, 679.552, 0, '00:32:40', 2.456, 0.456),
(989, 3, 20, 682.008, 0, '00:32:50', 2.456, 0.456),
(990, 3, 20, 684.464, 0, '00:33:00', 2.456, 0.456),
(991, 3, 20, 686.92, 0, '00:33:10', 2.456, 0.456),
(992, 3, 20, 689.376, 0, '00:33:20', 2.456, 0.456),
(993, 3, 20, 691.832, 0, '00:33:30', 2.456, 0.456),
(994, 3, 20, 694.288, 0, '00:33:40', 2.456, 0.456),
(995, 3, 20, 696.744, 0, '00:33:50', 2.456, 0.456),
(996, 3, 20, 699.2, 0, '00:34:00', 2.456, 0.456),
(997, 3, 20, 701.656, 0, '00:34:10', 2.456, 0.456),
(998, 3, 20, 704.112, 0, '00:34:20', 2.456, 0.456),
(999, 3, 20, 706.568, 0, '00:34:30', 2.456, 0.456),
(1000, 3, 20, 709.024, 0, '00:34:40', 2.456, 0.456),
(1001, 3, 20, 711.48, 0, '00:34:50', 2.456, 0.456),
(1002, 3, 20, 713.936, 0, '00:35:00', 2.456, 0.456),
(1003, 3, 20, 716.392, 0, '00:35:10', 2.456, 0.456),
(1004, 3, 20, 718.848, 0, '00:35:20', 2.456, 0.456),
(1005, 3, 20, 721.304, 0, '00:35:30', 2.456, 0.456),
(1006, 3, 20, 723.76, 0, '00:35:40', 2.456, 0.456),
(1007, 3, 20, 726.216, 0, '00:35:50', 2.456, 0.456),
(1008, 3, 20, 728.672, 0, '00:36:00', 2.456, 0.456),
(1009, 3, 20, 731.128, 0, '00:36:10', 2.456, 0.456),
(1010, 3, 20, 733.584, 0, '00:36:20', 2.456, 0.456),
(1011, 3, 20, 736.04, 0, '00:36:30', 2.456, 0.456),
(1012, 3, 20, 738.496, 0, '00:36:40', 2.456, 0.456),
(1013, 3, 20, 740.952, 0, '00:36:50', 2.456, 0.456),
(1014, 3, 20, 743.408, 0, '00:37:00', 2.456, 0.456),
(1015, 3, 20, 745.864, 0, '00:37:10', 2.456, 0.456),
(1016, 3, 20, 748.32, 0, '00:37:20', 2.456, 0.456),
(1017, 3, 20, 750.776, 0, '00:37:30', 2.456, 0.456),
(1018, 3, 20, 753.232, 0, '00:37:40', 2.456, 0.456),
(1019, 3, 20, 755.688, 0, '00:37:50', 2.456, 0.456),
(1020, 3, 20, 758.144, 0, '00:38:00', 2.456, 0.456),
(1021, 3, 20, 760.6, 0, '00:38:10', 2.456, 0.456),
(1022, 3, 20, 763.056, 0, '00:38:20', 2.456, 0.456),
(1023, 3, 20, 765.512, 0, '00:38:30', 2.456, 0.456),
(1024, 4, 25, 80, 0, '00:00:10', 80, 0.112),
(1025, 4, 26, 94, 0, '00:00:10', 94, 0.08),
(1026, 4, 27, 101, 0, '00:00:10', 101, 0.24);
INSERT INTO `progress` (`id`, `raceid`, `horseid`, `distance_covered`, `position`, `currenttime`, `advancing_distance`, `strength_distance`) VALUES
(1027, 4, 28, 69, 0, '00:00:10', 69, 0.544),
(1028, 4, 29, 112, 0, '00:00:10', 112, 0.296),
(1029, 4, 30, 55, 0, '00:00:10', 55, 0.264),
(1030, 4, 31, 127, 0, '00:00:10', 127, 0.384),
(1031, 4, 32, 58, 0, '00:00:10', 58, 0.328),
(1032, 4, 25, 160, 0, '00:00:20', 80, 0.112),
(1033, 4, 26, 188, 0, '00:00:20', 94, 0.08),
(1034, 4, 27, 202, 0, '00:00:20', 101, 0.24),
(1035, 4, 28, 88.544, 0, '00:00:20', 19.544, 0.544),
(1036, 4, 29, 224, 0, '00:00:20', 112, 0.296),
(1037, 4, 30, 110, 0, '00:00:20', 55, 0.264),
(1038, 4, 31, 254, 0, '00:00:20', 127, 0.384),
(1039, 4, 32, 116, 0, '00:00:20', 58, 0.328),
(1040, 4, 25, 240, 0, '00:00:30', 80, 0.112),
(1041, 4, 26, 282, 0, '00:00:30', 94, 0.08),
(1042, 4, 27, 303, 0, '00:00:30', 101, 0.24),
(1043, 4, 28, 108.088, 0, '00:00:30', 19.544, 0.544),
(1044, 4, 29, 336, 0, '00:00:30', 112, 0.296),
(1045, 4, 30, 165, 0, '00:00:30', 55, 0.264),
(1046, 4, 31, 381, 0, '00:00:30', 127, 0.384),
(1047, 4, 32, 174, 0, '00:00:30', 58, 0.328),
(1048, 4, 25, 320, 0, '00:00:40', 80, 0.112),
(1049, 4, 26, 376, 0, '00:00:40', 94, 0.08),
(1050, 4, 27, 404, 0, '00:00:40', 101, 0.24),
(1051, 4, 28, 127.632, 0, '00:00:40', 19.544, 0.544),
(1052, 4, 29, 448, 0, '00:00:40', 112, 0.296),
(1053, 4, 30, 220, 0, '00:00:40', 55, 0.264),
(1054, 4, 31, 508, 0, '00:00:40', 127, 0.384),
(1055, 4, 32, 232, 0, '00:00:40', 58, 0.328),
(1056, 4, 25, 400, 0, '00:00:50', 80, 0.112),
(1057, 4, 26, 420.08, 0, '00:00:50', 44.08, 0.08),
(1058, 4, 27, 505, 0, '00:00:50', 101, 0.24),
(1059, 4, 28, 147.176, 0, '00:00:50', 19.544, 0.544),
(1060, 4, 29, 560, 0, '00:00:50', 112, 0.296),
(1061, 4, 30, 275, 0, '00:00:50', 55, 0.264),
(1062, 4, 31, 635, 0, '00:00:50', 127, 0.384),
(1063, 4, 32, 290, 0, '00:00:50', 58, 0.328),
(1064, 4, 25, 480, 0, '00:01:00', 80, 0.112),
(1065, 4, 26, 464.16, 0, '00:01:00', 44.08, 0.08),
(1066, 4, 27, 606, 0, '00:01:00', 101, 0.24),
(1067, 4, 28, 166.72, 0, '00:01:00', 19.544, 0.544),
(1068, 4, 29, 672, 0, '00:01:00', 112, 0.296),
(1069, 4, 30, 330, 0, '00:01:00', 55, 0.264),
(1070, 4, 31, 762, 0, '00:01:00', 127, 0.384),
(1071, 4, 32, 348, 0, '00:01:00', 58, 0.328),
(1072, 4, 25, 560, 0, '00:01:10', 80, 0.112),
(1073, 4, 26, 508.24, 0, '00:01:10', 44.08, 0.08),
(1074, 4, 27, 657.24, 0, '00:01:10', 51.24, 0.24),
(1075, 4, 28, 186.264, 0, '00:01:10', 19.544, 0.544),
(1076, 4, 29, 784, 0, '00:01:10', 112, 0.296),
(1077, 4, 30, 385, 0, '00:01:10', 55, 0.264),
(1078, 4, 31, 889, 0, '00:01:10', 127, 0.384),
(1079, 4, 32, 406, 0, '00:01:10', 58, 0.328),
(1080, 4, 25, 640, 0, '00:01:20', 80, 0.112),
(1081, 4, 26, 552.32, 0, '00:01:20', 44.08, 0.08),
(1082, 4, 27, 708.48, 0, '00:01:20', 51.24, 0.24),
(1083, 4, 28, 205.808, 0, '00:01:20', 19.544, 0.544),
(1084, 4, 29, 896, 0, '00:01:20', 112, 0.296),
(1085, 4, 30, 440, 0, '00:01:20', 55, 0.264),
(1086, 4, 31, 1016, 0, '00:01:20', 127, 0.384),
(1087, 4, 32, 464, 0, '00:01:20', 58, 0.328),
(1088, 4, 25, 720, 0, '00:01:30', 80, 0.112),
(1089, 4, 26, 596.4, 0, '00:01:30', 44.08, 0.08),
(1090, 4, 27, 759.72, 0, '00:01:30', 51.24, 0.24),
(1091, 4, 28, 225.352, 0, '00:01:30', 19.544, 0.544),
(1092, 4, 29, 958.296, 0, '00:01:30', 62.296, 0.296),
(1093, 4, 30, 495, 0, '00:01:30', 55, 0.264),
(1094, 4, 31, 1093.38, 0, '00:01:30', 77.384, 0.384),
(1095, 4, 32, 522, 0, '00:01:30', 58, 0.328),
(1096, 4, 25, 800, 0, '00:01:40', 80, 0.112),
(1097, 4, 26, 640.48, 0, '00:01:40', 44.08, 0.08),
(1098, 4, 27, 810.96, 0, '00:01:40', 51.24, 0.24),
(1099, 4, 28, 244.896, 0, '00:01:40', 19.544, 0.544),
(1100, 4, 29, 1020.59, 0, '00:01:40', 62.296, 0.296),
(1101, 4, 30, 550, 0, '00:01:40', 55, 0.264),
(1102, 4, 31, 1170.76, 0, '00:01:40', 77.384, 0.384),
(1103, 4, 32, 530.328, 0, '00:01:40', 8.328, 0.328),
(1104, 4, 25, 830.112, 0, '00:01:50', 30.112, 0.112),
(1105, 4, 26, 684.56, 0, '00:01:50', 44.08, 0.08),
(1106, 4, 27, 862.2, 0, '00:01:50', 51.24, 0.24),
(1107, 4, 28, 264.44, 0, '00:01:50', 19.544, 0.544),
(1108, 4, 29, 1082.89, 0, '00:01:50', 62.296, 0.296),
(1109, 4, 30, 605, 0, '00:01:50', 55, 0.264),
(1110, 4, 31, 1248.14, 0, '00:01:50', 77.384, 0.384),
(1111, 4, 32, 538.656, 0, '00:01:50', 8.328, 0.328),
(1112, 4, 25, 860.224, 0, '00:02:00', 30.112, 0.112),
(1113, 4, 26, 728.64, 0, '00:02:00', 44.08, 0.08),
(1114, 4, 27, 913.44, 0, '00:02:00', 51.24, 0.24),
(1115, 4, 28, 283.984, 0, '00:02:00', 19.544, 0.544),
(1116, 4, 29, 1145.19, 0, '00:02:00', 62.296, 0.296),
(1117, 4, 30, 610.264, 0, '00:02:00', 5.264, 0.264),
(1118, 4, 31, 1325.52, 0, '00:02:00', 77.384, 0.384),
(1119, 4, 32, 546.984, 0, '00:02:00', 8.328, 0.328),
(1120, 4, 25, 890.336, 0, '00:02:10', 30.112, 0.112),
(1121, 4, 26, 772.72, 0, '00:02:10', 44.08, 0.08),
(1122, 4, 27, 964.68, 0, '00:02:10', 51.24, 0.24),
(1123, 4, 28, 303.528, 0, '00:02:10', 19.544, 0.544),
(1124, 4, 29, 1207.49, 0, '00:02:10', 62.296, 0.296),
(1125, 4, 30, 615.528, 0, '00:02:10', 5.264, 0.264),
(1126, 4, 31, 1402.9, 0, '00:02:10', 77.384, 0.384),
(1127, 4, 32, 555.312, 0, '00:02:10', 8.328, 0.328),
(1128, 4, 25, 920.448, 0, '00:02:20', 30.112, 0.112),
(1129, 4, 26, 816.8, 0, '00:02:20', 44.08, 0.08),
(1130, 4, 27, 1015.92, 0, '00:02:20', 51.24, 0.24),
(1131, 4, 28, 323.072, 0, '00:02:20', 19.544, 0.544),
(1132, 4, 29, 1269.79, 0, '00:02:20', 62.296, 0.296),
(1133, 4, 30, 620.792, 0, '00:02:20', 5.264, 0.264),
(1134, 4, 31, 1480.28, 0, '00:02:20', 77.384, 0.384),
(1135, 4, 32, 563.64, 0, '00:02:20', 8.328, 0.328),
(1136, 4, 25, 950.56, 0, '00:02:30', 30.112, 0.112),
(1137, 4, 26, 860.88, 0, '00:02:30', 44.08, 0.08),
(1138, 4, 27, 1067.16, 0, '00:02:30', 51.24, 0.24),
(1139, 4, 28, 342.616, 0, '00:02:30', 19.544, 0.544),
(1140, 4, 29, 1332.09, 0, '00:02:30', 62.296, 0.296),
(1141, 4, 30, 626.056, 0, '00:02:30', 5.264, 0.264),
(1142, 4, 31, 1500, 0, '00:02:30', 77.384, 0.384),
(1143, 4, 32, 571.968, 0, '00:02:30', 8.328, 0.328),
(1144, 4, 25, 980.672, 0, '00:02:40', 30.112, 0.112),
(1145, 4, 26, 904.96, 0, '00:02:40', 44.08, 0.08),
(1146, 4, 27, 1118.4, 0, '00:02:40', 51.24, 0.24),
(1147, 4, 28, 362.16, 0, '00:02:40', 19.544, 0.544),
(1148, 4, 29, 1394.39, 0, '00:02:40', 62.296, 0.296),
(1149, 4, 30, 631.32, 0, '00:02:40', 5.264, 0.264),
(1150, 4, 32, 580.296, 0, '00:02:40', 8.328, 0.328),
(1151, 4, 25, 1010.78, 0, '00:02:50', 30.112, 0.112),
(1152, 4, 26, 949.04, 0, '00:02:50', 44.08, 0.08),
(1153, 4, 27, 1169.64, 0, '00:02:50', 51.24, 0.24),
(1154, 4, 28, 381.704, 0, '00:02:50', 19.544, 0.544),
(1155, 4, 29, 1456.69, 0, '00:02:50', 62.296, 0.296),
(1156, 4, 30, 636.584, 0, '00:02:50', 5.264, 0.264),
(1157, 4, 32, 588.624, 0, '00:02:50', 8.328, 0.328),
(1158, 4, 25, 1040.89, 0, '00:03:00', 30.112, 0.112),
(1159, 4, 26, 993.12, 0, '00:03:00', 44.08, 0.08),
(1160, 4, 27, 1220.88, 0, '00:03:00', 51.24, 0.24),
(1161, 4, 28, 401.248, 0, '00:03:00', 19.544, 0.544),
(1162, 4, 29, 1500, 0, '00:03:00', 62.296, 0.296),
(1163, 4, 30, 641.848, 0, '00:03:00', 5.264, 0.264),
(1164, 4, 32, 596.952, 0, '00:03:00', 8.328, 0.328),
(1165, 4, 25, 1071, 0, '00:03:10', 30.112, 0.112),
(1166, 4, 26, 1037.2, 0, '00:03:10', 44.08, 0.08),
(1167, 4, 27, 1272.12, 0, '00:03:10', 51.24, 0.24),
(1168, 4, 28, 420.792, 0, '00:03:10', 19.544, 0.544),
(1169, 4, 30, 647.112, 0, '00:03:10', 5.264, 0.264),
(1170, 4, 32, 605.28, 0, '00:03:10', 8.328, 0.328),
(1171, 4, 25, 1101.11, 0, '00:03:20', 30.112, 0.112),
(1172, 4, 26, 1081.28, 0, '00:03:20', 44.08, 0.08),
(1173, 4, 27, 1323.36, 0, '00:03:20', 51.24, 0.24),
(1174, 4, 28, 440.336, 0, '00:03:20', 19.544, 0.544),
(1175, 4, 30, 652.376, 0, '00:03:20', 5.264, 0.264),
(1176, 4, 32, 613.608, 0, '00:03:20', 8.328, 0.328),
(1177, 4, 25, 1131.22, 0, '00:03:30', 30.112, 0.112),
(1178, 4, 26, 1125.36, 0, '00:03:30', 44.08, 0.08),
(1179, 4, 27, 1374.6, 0, '00:03:30', 51.24, 0.24),
(1180, 4, 28, 459.88, 0, '00:03:30', 19.544, 0.544),
(1181, 4, 30, 657.64, 0, '00:03:30', 5.264, 0.264),
(1182, 4, 32, 621.936, 0, '00:03:30', 8.328, 0.328),
(1183, 4, 25, 1161.33, 0, '00:03:40', 30.112, 0.112),
(1184, 4, 26, 1169.44, 0, '00:03:40', 44.08, 0.08),
(1185, 4, 27, 1425.84, 0, '00:03:40', 51.24, 0.24),
(1186, 4, 28, 479.424, 0, '00:03:40', 19.544, 0.544),
(1187, 4, 30, 662.904, 0, '00:03:40', 5.264, 0.264),
(1188, 4, 32, 630.264, 0, '00:03:40', 8.328, 0.328),
(1189, 4, 25, 1191.44, 0, '00:03:50', 30.112, 0.112),
(1190, 4, 26, 1213.52, 0, '00:03:50', 44.08, 0.08),
(1191, 4, 27, 1477.08, 0, '00:03:50', 51.24, 0.24),
(1192, 4, 28, 498.968, 0, '00:03:50', 19.544, 0.544),
(1193, 4, 30, 668.168, 0, '00:03:50', 5.264, 0.264),
(1194, 4, 32, 638.592, 0, '00:03:50', 8.328, 0.328),
(1195, 4, 25, 1221.55, 0, '00:04:00', 30.112, 0.112),
(1196, 4, 26, 1257.6, 0, '00:04:00', 44.08, 0.08),
(1197, 4, 27, 1500, 0, '00:04:00', 51.24, 0.24),
(1198, 4, 28, 518.512, 0, '00:04:00', 19.544, 0.544),
(1199, 4, 30, 673.432, 0, '00:04:00', 5.264, 0.264),
(1200, 4, 32, 646.92, 0, '00:04:00', 8.328, 0.328),
(1201, 4, 25, 1251.66, 0, '00:04:10', 30.112, 0.112),
(1202, 4, 26, 1301.68, 0, '00:04:10', 44.08, 0.08),
(1203, 4, 28, 538.056, 0, '00:04:10', 19.544, 0.544),
(1204, 4, 30, 678.696, 0, '00:04:10', 5.264, 0.264),
(1205, 4, 32, 655.248, 0, '00:04:10', 8.328, 0.328),
(1206, 4, 25, 1281.77, 0, '00:04:20', 30.112, 0.112),
(1207, 4, 26, 1345.76, 0, '00:04:20', 44.08, 0.08),
(1208, 4, 28, 557.6, 0, '00:04:20', 19.544, 0.544),
(1209, 4, 30, 683.96, 0, '00:04:20', 5.264, 0.264),
(1210, 4, 32, 663.576, 0, '00:04:20', 8.328, 0.328),
(1211, 4, 25, 1311.88, 0, '00:04:30', 30.112, 0.112),
(1212, 4, 26, 1389.84, 0, '00:04:30', 44.08, 0.08),
(1213, 4, 28, 577.144, 0, '00:04:30', 19.544, 0.544),
(1214, 4, 30, 689.224, 0, '00:04:30', 5.264, 0.264),
(1215, 4, 32, 671.904, 0, '00:04:30', 8.328, 0.328),
(1216, 4, 25, 1341.99, 0, '00:04:40', 30.112, 0.112),
(1217, 4, 26, 1433.92, 0, '00:04:40', 44.08, 0.08),
(1218, 4, 28, 596.688, 0, '00:04:40', 19.544, 0.544),
(1219, 4, 30, 694.488, 0, '00:04:40', 5.264, 0.264),
(1220, 4, 32, 680.232, 0, '00:04:40', 8.328, 0.328),
(1221, 4, 25, 1372.1, 0, '00:04:50', 30.112, 0.112),
(1222, 4, 26, 1478, 0, '00:04:50', 44.08, 0.08),
(1223, 4, 28, 616.232, 0, '00:04:50', 19.544, 0.544),
(1224, 4, 30, 699.752, 0, '00:04:50', 5.264, 0.264),
(1225, 4, 32, 688.56, 0, '00:04:50', 8.328, 0.328),
(1226, 4, 25, 1402.21, 0, '00:05:00', 30.112, 0.112),
(1227, 4, 26, 1500, 0, '00:05:00', 44.08, 0.08),
(1228, 4, 28, 635.776, 0, '00:05:00', 19.544, 0.544),
(1229, 4, 30, 705.016, 0, '00:05:00', 5.264, 0.264),
(1230, 4, 32, 696.888, 0, '00:05:00', 8.328, 0.328),
(1231, 4, 25, 1432.32, 0, '00:05:10', 30.112, 0.112),
(1232, 4, 28, 655.32, 0, '00:05:10', 19.544, 0.544),
(1233, 4, 30, 710.28, 0, '00:05:10', 5.264, 0.264),
(1234, 4, 32, 705.216, 0, '00:05:10', 8.328, 0.328),
(1235, 4, 25, 1462.43, 0, '00:05:20', 30.112, 0.112),
(1236, 4, 28, 674.864, 0, '00:05:20', 19.544, 0.544),
(1237, 4, 30, 715.544, 0, '00:05:20', 5.264, 0.264),
(1238, 4, 32, 713.544, 0, '00:05:20', 8.328, 0.328),
(1239, 4, 25, 1492.54, 0, '00:05:30', 30.112, 0.112),
(1240, 4, 28, 694.408, 0, '00:05:30', 19.544, 0.544),
(1241, 4, 30, 720.808, 0, '00:05:30', 5.264, 0.264),
(1242, 4, 32, 721.872, 0, '00:05:30', 8.328, 0.328),
(1243, 4, 25, 1500, 0, '00:05:40', 30.112, 0.112),
(1244, 4, 28, 713.952, 0, '00:05:40', 19.544, 0.544),
(1245, 4, 30, 726.072, 0, '00:05:40', 5.264, 0.264),
(1246, 4, 32, 730.2, 0, '00:05:40', 8.328, 0.328),
(1247, 4, 28, 733.496, 0, '00:05:50', 19.544, 0.544),
(1248, 4, 30, 731.336, 0, '00:05:50', 5.264, 0.264),
(1249, 4, 32, 738.528, 0, '00:05:50', 8.328, 0.328),
(1250, 4, 28, 753.04, 0, '00:06:00', 19.544, 0.544),
(1251, 4, 30, 736.6, 0, '00:06:00', 5.264, 0.264),
(1252, 4, 32, 746.856, 0, '00:06:00', 8.328, 0.328),
(1253, 4, 28, 772.584, 0, '00:06:10', 19.544, 0.544),
(1254, 4, 30, 741.864, 0, '00:06:10', 5.264, 0.264),
(1255, 4, 32, 755.184, 0, '00:06:10', 8.328, 0.328),
(1256, 4, 28, 792.128, 0, '00:06:20', 19.544, 0.544),
(1257, 4, 30, 747.128, 0, '00:06:20', 5.264, 0.264),
(1258, 4, 32, 763.512, 0, '00:06:20', 8.328, 0.328),
(1259, 4, 28, 811.672, 0, '00:06:30', 19.544, 0.544),
(1260, 4, 30, 752.392, 0, '00:06:30', 5.264, 0.264),
(1261, 4, 32, 771.84, 0, '00:06:30', 8.328, 0.328),
(1262, 4, 28, 831.216, 0, '00:06:40', 19.544, 0.544),
(1263, 4, 30, 757.656, 0, '00:06:40', 5.264, 0.264),
(1264, 4, 32, 780.168, 0, '00:06:40', 8.328, 0.328),
(1265, 4, 28, 850.76, 0, '00:06:50', 19.544, 0.544),
(1266, 4, 30, 762.92, 0, '00:06:50', 5.264, 0.264),
(1267, 4, 32, 788.496, 0, '00:06:50', 8.328, 0.328),
(1268, 4, 28, 870.304, 0, '00:07:00', 19.544, 0.544),
(1269, 4, 30, 768.184, 0, '00:07:00', 5.264, 0.264),
(1270, 4, 32, 796.824, 0, '00:07:00', 8.328, 0.328),
(1271, 4, 28, 889.848, 0, '00:07:10', 19.544, 0.544),
(1272, 4, 30, 773.448, 0, '00:07:10', 5.264, 0.264),
(1273, 4, 32, 805.152, 0, '00:07:10', 8.328, 0.328),
(1274, 4, 28, 909.392, 0, '00:07:20', 19.544, 0.544),
(1275, 4, 30, 778.712, 0, '00:07:20', 5.264, 0.264),
(1276, 4, 32, 813.48, 0, '00:07:20', 8.328, 0.328),
(1277, 4, 28, 928.936, 0, '00:07:30', 19.544, 0.544),
(1278, 4, 30, 783.976, 0, '00:07:30', 5.264, 0.264),
(1279, 4, 32, 821.808, 0, '00:07:30', 8.328, 0.328),
(1280, 4, 28, 948.48, 0, '00:07:40', 19.544, 0.544),
(1281, 4, 30, 789.24, 0, '00:07:40', 5.264, 0.264),
(1282, 4, 32, 830.136, 0, '00:07:40', 8.328, 0.328),
(1283, 4, 28, 968.024, 0, '00:07:50', 19.544, 0.544),
(1284, 4, 30, 794.504, 0, '00:07:50', 5.264, 0.264),
(1285, 4, 32, 838.464, 0, '00:07:50', 8.328, 0.328),
(1286, 4, 28, 987.568, 0, '00:08:00', 19.544, 0.544),
(1287, 4, 30, 799.768, 0, '00:08:00', 5.264, 0.264),
(1288, 4, 32, 846.792, 0, '00:08:00', 8.328, 0.328),
(1289, 4, 28, 1007.11, 0, '00:08:10', 19.544, 0.544),
(1290, 4, 30, 805.032, 0, '00:08:10', 5.264, 0.264),
(1291, 4, 32, 855.12, 0, '00:08:10', 8.328, 0.328),
(1292, 4, 28, 1026.65, 0, '00:08:20', 19.544, 0.544),
(1293, 4, 30, 810.296, 0, '00:08:20', 5.264, 0.264),
(1294, 4, 32, 863.448, 0, '00:08:20', 8.328, 0.328),
(1295, 4, 28, 1046.19, 0, '00:08:30', 19.544, 0.544),
(1296, 4, 30, 815.56, 0, '00:08:30', 5.264, 0.264),
(1297, 4, 32, 871.776, 0, '00:08:30', 8.328, 0.328),
(1298, 4, 28, 1065.73, 0, '00:08:40', 19.544, 0.544),
(1299, 4, 30, 820.824, 0, '00:08:40', 5.264, 0.264),
(1300, 4, 32, 880.104, 0, '00:08:40', 8.328, 0.328),
(1301, 4, 28, 1085.27, 0, '00:08:50', 19.544, 0.544),
(1302, 4, 30, 826.088, 0, '00:08:50', 5.264, 0.264),
(1303, 4, 32, 888.432, 0, '00:08:50', 8.328, 0.328),
(1304, 4, 28, 1104.81, 0, '00:09:00', 19.544, 0.544),
(1305, 4, 30, 831.352, 0, '00:09:00', 5.264, 0.264),
(1306, 4, 32, 896.76, 0, '00:09:00', 8.328, 0.328),
(1307, 4, 28, 1124.35, 0, '00:09:10', 19.544, 0.544),
(1308, 4, 30, 836.616, 0, '00:09:10', 5.264, 0.264),
(1309, 4, 32, 905.088, 0, '00:09:10', 8.328, 0.328),
(1310, 4, 28, 1143.89, 0, '00:09:20', 19.544, 0.544),
(1311, 4, 30, 841.88, 0, '00:09:20', 5.264, 0.264),
(1312, 4, 32, 913.416, 0, '00:09:20', 8.328, 0.328),
(1313, 4, 28, 1163.43, 0, '00:09:30', 19.544, 0.544),
(1314, 4, 30, 847.144, 0, '00:09:30', 5.264, 0.264),
(1315, 4, 32, 921.744, 0, '00:09:30', 8.328, 0.328),
(1316, 4, 28, 1182.97, 0, '00:09:40', 19.544, 0.544),
(1317, 4, 30, 852.408, 0, '00:09:40', 5.264, 0.264),
(1318, 4, 32, 930.072, 0, '00:09:40', 8.328, 0.328),
(1319, 4, 28, 1202.51, 0, '00:09:50', 19.544, 0.544),
(1320, 4, 30, 857.672, 0, '00:09:50', 5.264, 0.264),
(1321, 4, 32, 938.4, 0, '00:09:50', 8.328, 0.328),
(1322, 4, 28, 1222.05, 0, '00:10:00', 19.544, 0.544),
(1323, 4, 30, 862.936, 0, '00:10:00', 5.264, 0.264),
(1324, 4, 32, 946.728, 0, '00:10:00', 8.328, 0.328),
(1325, 4, 28, 1241.59, 0, '00:10:10', 19.544, 0.544),
(1326, 4, 30, 868.2, 0, '00:10:10', 5.264, 0.264),
(1327, 4, 32, 955.056, 0, '00:10:10', 8.328, 0.328),
(1328, 4, 28, 1261.13, 0, '00:10:20', 19.544, 0.544),
(1329, 4, 30, 873.464, 0, '00:10:20', 5.264, 0.264),
(1330, 4, 32, 963.384, 0, '00:10:20', 8.328, 0.328),
(1331, 4, 28, 1280.67, 0, '00:10:30', 19.544, 0.544),
(1332, 4, 30, 878.728, 0, '00:10:30', 5.264, 0.264),
(1333, 4, 32, 971.712, 0, '00:10:30', 8.328, 0.328),
(1334, 4, 28, 1300.21, 0, '00:10:40', 19.544, 0.544),
(1335, 4, 30, 883.992, 0, '00:10:40', 5.264, 0.264),
(1336, 4, 32, 980.04, 0, '00:10:40', 8.328, 0.328),
(1337, 4, 28, 1319.75, 0, '00:10:50', 19.544, 0.544),
(1338, 4, 30, 889.256, 0, '00:10:50', 5.264, 0.264),
(1339, 4, 32, 988.368, 0, '00:10:50', 8.328, 0.328),
(1340, 4, 28, 1339.29, 0, '00:11:00', 19.544, 0.544),
(1341, 4, 30, 894.52, 0, '00:11:00', 5.264, 0.264),
(1342, 4, 32, 996.696, 0, '00:11:00', 8.328, 0.328),
(1343, 4, 28, 1358.83, 0, '00:11:10', 19.544, 0.544),
(1344, 4, 30, 899.784, 0, '00:11:10', 5.264, 0.264),
(1345, 4, 32, 1005.02, 0, '00:11:10', 8.328, 0.328),
(1346, 4, 28, 1378.37, 0, '00:11:20', 19.544, 0.544),
(1347, 4, 30, 905.048, 0, '00:11:20', 5.264, 0.264),
(1348, 4, 32, 1013.35, 0, '00:11:20', 8.328, 0.328),
(1349, 4, 28, 1397.91, 0, '00:11:30', 19.544, 0.544),
(1350, 4, 30, 910.312, 0, '00:11:30', 5.264, 0.264),
(1351, 4, 32, 1021.68, 0, '00:11:30', 8.328, 0.328),
(1352, 4, 28, 1417.45, 0, '00:11:40', 19.544, 0.544),
(1353, 4, 30, 915.576, 0, '00:11:40', 5.264, 0.264),
(1354, 4, 32, 1030.01, 0, '00:11:40', 8.328, 0.328),
(1355, 4, 28, 1436.99, 0, '00:11:50', 19.544, 0.544),
(1356, 4, 30, 920.84, 0, '00:11:50', 5.264, 0.264),
(1357, 4, 32, 1038.34, 0, '00:11:50', 8.328, 0.328),
(1358, 4, 28, 1456.53, 0, '00:12:00', 19.544, 0.544),
(1359, 4, 30, 926.104, 0, '00:12:00', 5.264, 0.264),
(1360, 4, 32, 1046.67, 0, '00:12:00', 8.328, 0.328),
(1361, 4, 28, 1476.07, 0, '00:12:10', 19.544, 0.544),
(1362, 4, 30, 931.368, 0, '00:12:10', 5.264, 0.264),
(1363, 4, 32, 1055, 0, '00:12:10', 8.328, 0.328),
(1364, 4, 28, 1495.61, 0, '00:12:20', 19.544, 0.544),
(1365, 4, 30, 936.632, 0, '00:12:20', 5.264, 0.264),
(1366, 4, 32, 1063.33, 0, '00:12:20', 8.328, 0.328),
(1367, 4, 28, 1500, 0, '00:12:30', 19.544, 0.544),
(1368, 4, 30, 941.896, 0, '00:12:30', 5.264, 0.264),
(1369, 4, 32, 1071.66, 0, '00:12:30', 8.328, 0.328),
(1370, 4, 30, 947.16, 0, '00:12:40', 5.264, 0.264),
(1371, 4, 32, 1079.99, 0, '00:12:40', 8.328, 0.328),
(1372, 4, 30, 952.424, 0, '00:12:50', 5.264, 0.264),
(1373, 4, 32, 1088.32, 0, '00:12:50', 8.328, 0.328),
(1374, 4, 30, 957.688, 0, '00:13:00', 5.264, 0.264),
(1375, 4, 32, 1096.65, 0, '00:13:00', 8.328, 0.328),
(1376, 4, 30, 962.952, 0, '00:13:10', 5.264, 0.264),
(1377, 4, 32, 1104.98, 0, '00:13:10', 8.328, 0.328),
(1378, 4, 30, 968.216, 0, '00:13:20', 5.264, 0.264),
(1379, 4, 32, 1113.31, 0, '00:13:20', 8.328, 0.328),
(1380, 4, 30, 973.48, 0, '00:13:30', 5.264, 0.264),
(1381, 4, 32, 1121.64, 0, '00:13:30', 8.328, 0.328),
(1382, 4, 30, 978.744, 0, '00:13:40', 5.264, 0.264),
(1383, 4, 32, 1129.97, 0, '00:13:40', 8.328, 0.328),
(1384, 4, 30, 984.008, 0, '00:13:50', 5.264, 0.264),
(1385, 4, 32, 1138.3, 0, '00:13:50', 8.328, 0.328),
(1386, 4, 30, 989.272, 0, '00:14:00', 5.264, 0.264),
(1387, 4, 32, 1146.63, 0, '00:14:00', 8.328, 0.328),
(1388, 4, 30, 994.536, 0, '00:14:10', 5.264, 0.264),
(1389, 4, 32, 1154.96, 0, '00:14:10', 8.328, 0.328),
(1390, 4, 30, 999.8, 0, '00:14:20', 5.264, 0.264),
(1391, 4, 32, 1163.29, 0, '00:14:20', 8.328, 0.328),
(1392, 4, 30, 1005.06, 0, '00:14:30', 5.264, 0.264),
(1393, 4, 32, 1171.62, 0, '00:14:30', 8.328, 0.328),
(1394, 4, 30, 1010.32, 0, '00:14:40', 5.264, 0.264),
(1395, 4, 32, 1179.95, 0, '00:14:40', 8.328, 0.328),
(1396, 4, 30, 1015.58, 0, '00:14:50', 5.264, 0.264),
(1397, 4, 32, 1188.28, 0, '00:14:50', 8.328, 0.328),
(1398, 4, 30, 1020.84, 0, '00:15:00', 5.264, 0.264),
(1399, 4, 32, 1196.61, 0, '00:15:00', 8.328, 0.328),
(1400, 4, 30, 1026.1, 0, '00:15:10', 5.264, 0.264),
(1401, 4, 32, 1204.94, 0, '00:15:10', 8.328, 0.328),
(1402, 4, 30, 1031.36, 0, '00:15:20', 5.264, 0.264),
(1403, 4, 32, 1213.27, 0, '00:15:20', 8.328, 0.328),
(1404, 4, 30, 1036.62, 0, '00:15:30', 5.264, 0.264),
(1405, 4, 32, 1221.6, 0, '00:15:30', 8.328, 0.328),
(1406, 4, 30, 1041.88, 0, '00:15:40', 5.264, 0.264),
(1407, 4, 32, 1229.93, 0, '00:15:40', 8.328, 0.328),
(1408, 4, 30, 1047.14, 0, '00:15:50', 5.264, 0.264),
(1409, 4, 32, 1238.26, 0, '00:15:50', 8.328, 0.328),
(1410, 4, 30, 1052.4, 0, '00:16:00', 5.264, 0.264),
(1411, 4, 32, 1246.59, 0, '00:16:00', 8.328, 0.328),
(1412, 4, 30, 1057.66, 0, '00:16:10', 5.264, 0.264),
(1413, 4, 32, 1254.92, 0, '00:16:10', 8.328, 0.328),
(1414, 4, 30, 1062.92, 0, '00:16:20', 5.264, 0.264),
(1415, 4, 32, 1263.25, 0, '00:16:20', 8.328, 0.328),
(1416, 4, 30, 1068.18, 0, '00:16:30', 5.264, 0.264),
(1417, 4, 32, 1271.58, 0, '00:16:30', 8.328, 0.328),
(1418, 4, 30, 1073.44, 0, '00:16:40', 5.264, 0.264),
(1419, 4, 32, 1279.91, 0, '00:16:40', 8.328, 0.328),
(1420, 4, 30, 1078.7, 0, '00:16:50', 5.264, 0.264),
(1421, 4, 32, 1288.24, 0, '00:16:50', 8.328, 0.328),
(1422, 4, 30, 1083.96, 0, '00:17:00', 5.264, 0.264),
(1423, 4, 32, 1296.57, 0, '00:17:00', 8.328, 0.328),
(1424, 4, 30, 1089.22, 0, '00:17:10', 5.264, 0.264),
(1425, 4, 32, 1304.9, 0, '00:17:10', 8.328, 0.328),
(1426, 4, 30, 1094.48, 0, '00:17:20', 5.264, 0.264),
(1427, 4, 32, 1313.23, 0, '00:17:20', 8.328, 0.328),
(1428, 4, 30, 1099.74, 0, '00:17:30', 5.264, 0.264),
(1429, 4, 32, 1321.56, 0, '00:17:30', 8.328, 0.328),
(1430, 4, 30, 1105, 0, '00:17:40', 5.264, 0.264),
(1431, 4, 32, 1329.89, 0, '00:17:40', 8.328, 0.328),
(1432, 4, 30, 1110.26, 0, '00:17:50', 5.264, 0.264),
(1433, 4, 32, 1338.22, 0, '00:17:50', 8.328, 0.328),
(1434, 4, 30, 1115.52, 0, '00:18:00', 5.264, 0.264),
(1435, 4, 32, 1346.55, 0, '00:18:00', 8.328, 0.328),
(1436, 4, 30, 1120.78, 0, '00:18:10', 5.264, 0.264),
(1437, 4, 32, 1354.88, 0, '00:18:10', 8.328, 0.328),
(1438, 4, 30, 1126.04, 0, '00:18:20', 5.264, 0.264),
(1439, 4, 32, 1363.21, 0, '00:18:20', 8.328, 0.328),
(1440, 4, 30, 1131.3, 0, '00:18:30', 5.264, 0.264),
(1441, 4, 32, 1371.54, 0, '00:18:30', 8.328, 0.328),
(1442, 4, 30, 1136.56, 0, '00:18:40', 5.264, 0.264),
(1443, 4, 32, 1379.87, 0, '00:18:40', 8.328, 0.328),
(1444, 4, 30, 1141.82, 0, '00:18:50', 5.264, 0.264),
(1445, 4, 32, 1388.2, 0, '00:18:50', 8.328, 0.328),
(1446, 4, 30, 1147.08, 0, '00:19:00', 5.264, 0.264),
(1447, 4, 32, 1396.53, 0, '00:19:00', 8.328, 0.328),
(1448, 4, 30, 1152.34, 0, '00:19:10', 5.264, 0.264),
(1449, 4, 32, 1404.86, 0, '00:19:10', 8.328, 0.328),
(1450, 4, 30, 1157.6, 0, '00:19:20', 5.264, 0.264),
(1451, 4, 32, 1413.19, 0, '00:19:20', 8.328, 0.328),
(1452, 4, 30, 1162.86, 0, '00:19:30', 5.264, 0.264),
(1453, 4, 32, 1421.52, 0, '00:19:30', 8.328, 0.328),
(1454, 4, 30, 1168.12, 0, '00:19:40', 5.264, 0.264),
(1455, 4, 32, 1429.85, 0, '00:19:40', 8.328, 0.328),
(1456, 4, 30, 1173.38, 0, '00:19:50', 5.264, 0.264),
(1457, 4, 32, 1438.18, 0, '00:19:50', 8.328, 0.328),
(1458, 4, 30, 1178.64, 0, '00:20:00', 5.264, 0.264),
(1459, 4, 32, 1446.51, 0, '00:20:00', 8.328, 0.328),
(1460, 4, 30, 1183.9, 0, '00:20:10', 5.264, 0.264),
(1461, 4, 32, 1454.84, 0, '00:20:10', 8.328, 0.328),
(1462, 4, 30, 1189.16, 0, '00:20:20', 5.264, 0.264),
(1463, 4, 32, 1463.17, 0, '00:20:20', 8.328, 0.328),
(1464, 4, 30, 1194.42, 0, '00:20:30', 5.264, 0.264),
(1465, 4, 32, 1471.5, 0, '00:20:30', 8.328, 0.328),
(1466, 4, 30, 1199.68, 0, '00:20:40', 5.264, 0.264),
(1467, 4, 32, 1479.83, 0, '00:20:40', 8.328, 0.328),
(1468, 4, 30, 1204.94, 0, '00:20:50', 5.264, 0.264),
(1469, 4, 32, 1488.16, 0, '00:20:50', 8.328, 0.328),
(1470, 4, 30, 1210.2, 0, '00:21:00', 5.264, 0.264),
(1471, 4, 32, 1496.49, 0, '00:21:00', 8.328, 0.328),
(1472, 4, 30, 1215.46, 0, '00:21:10', 5.264, 0.264),
(1473, 4, 32, 1500, 0, '00:21:10', 8.328, 0.328),
(1474, 4, 30, 1220.72, 0, '00:21:20', 5.264, 0.264),
(1475, 4, 30, 1225.98, 0, '00:21:30', 5.264, 0.264),
(1476, 4, 30, 1231.24, 0, '00:21:40', 5.264, 0.264),
(1477, 4, 30, 1236.5, 0, '00:21:50', 5.264, 0.264),
(1478, 4, 30, 1241.76, 0, '00:22:00', 5.264, 0.264),
(1479, 4, 30, 1247.02, 0, '00:22:10', 5.264, 0.264),
(1480, 4, 30, 1252.28, 0, '00:22:20', 5.264, 0.264),
(1481, 4, 30, 1257.54, 0, '00:22:30', 5.264, 0.264),
(1482, 4, 30, 1262.8, 0, '00:22:40', 5.264, 0.264),
(1483, 4, 30, 1268.06, 0, '00:22:50', 5.264, 0.264),
(1484, 4, 30, 1273.32, 0, '00:23:00', 5.264, 0.264),
(1485, 4, 30, 1278.58, 0, '00:23:10', 5.264, 0.264),
(1486, 4, 30, 1283.84, 0, '00:23:20', 5.264, 0.264),
(1487, 4, 30, 1289.1, 0, '00:23:30', 5.264, 0.264),
(1488, 4, 30, 1294.36, 0, '00:23:40', 5.264, 0.264),
(1489, 4, 30, 1299.62, 0, '00:23:50', 5.264, 0.264),
(1490, 4, 30, 1304.88, 0, '00:24:00', 5.264, 0.264),
(1491, 4, 30, 1310.14, 0, '00:24:10', 5.264, 0.264),
(1492, 4, 30, 1315.4, 0, '00:24:20', 5.264, 0.264),
(1493, 4, 30, 1320.66, 0, '00:24:30', 5.264, 0.264),
(1494, 4, 30, 1325.92, 0, '00:24:40', 5.264, 0.264),
(1495, 4, 30, 1331.18, 0, '00:24:50', 5.264, 0.264),
(1496, 4, 30, 1336.44, 0, '00:25:00', 5.264, 0.264),
(1497, 4, 30, 1341.7, 0, '00:25:10', 5.264, 0.264),
(1498, 4, 30, 1346.96, 0, '00:25:20', 5.264, 0.264),
(1499, 4, 30, 1352.22, 0, '00:25:30', 5.264, 0.264),
(1500, 4, 30, 1357.48, 0, '00:25:40', 5.264, 0.264),
(1501, 4, 30, 1362.74, 0, '00:25:50', 5.264, 0.264),
(1502, 4, 30, 1368, 0, '00:26:00', 5.264, 0.264),
(1503, 4, 30, 1373.26, 0, '00:26:10', 5.264, 0.264),
(1504, 4, 30, 1378.52, 0, '00:26:20', 5.264, 0.264),
(1505, 4, 30, 1383.78, 0, '00:26:30', 5.264, 0.264),
(1506, 4, 30, 1389.04, 0, '00:26:40', 5.264, 0.264),
(1507, 4, 30, 1394.3, 0, '00:26:50', 5.264, 0.264),
(1508, 4, 30, 1399.56, 0, '00:27:00', 5.264, 0.264),
(1509, 4, 30, 1404.82, 0, '00:27:10', 5.264, 0.264),
(1510, 4, 30, 1410.08, 0, '00:27:20', 5.264, 0.264),
(1511, 4, 30, 1415.34, 0, '00:27:30', 5.264, 0.264),
(1512, 4, 30, 1420.6, 0, '00:27:40', 5.264, 0.264),
(1513, 4, 30, 1425.86, 0, '00:27:50', 5.264, 0.264),
(1514, 4, 30, 1431.12, 0, '00:28:00', 5.264, 0.264),
(1515, 4, 30, 1436.38, 0, '00:28:10', 5.264, 0.264),
(1516, 4, 30, 1441.64, 0, '00:28:20', 5.264, 0.264),
(1517, 4, 30, 1446.9, 0, '00:28:30', 5.264, 0.264),
(1518, 4, 30, 1452.16, 0, '00:28:40', 5.264, 0.264),
(1519, 4, 30, 1457.42, 0, '00:28:50', 5.264, 0.264),
(1520, 4, 30, 1462.68, 0, '00:29:00', 5.264, 0.264),
(1521, 4, 30, 1467.94, 0, '00:29:10', 5.264, 0.264),
(1522, 4, 30, 1473.2, 0, '00:29:20', 5.264, 0.264),
(1523, 4, 30, 1478.46, 0, '00:29:30', 5.264, 0.264),
(1524, 4, 30, 1483.72, 0, '00:29:40', 5.264, 0.264),
(1525, 4, 30, 1488.98, 0, '00:29:50', 5.264, 0.264),
(1526, 4, 30, 1494.24, 0, '00:30:00', 5.264, 0.264),
(1527, 4, 30, 1499.5, 0, '00:30:10', 5.264, 0.264),
(1528, 4, 30, 1500, 0, '00:30:20', 5.264, 0.264),
(1529, 5, 33, 127, 0, '00:00:10', 127, 0.36),
(1530, 5, 34, 56, 0, '00:00:10', 56, 0.736),
(1531, 5, 35, 96, 0, '00:00:10', 96, 0.224),
(1532, 5, 36, 58, 0, '00:00:10', 58, 0.536),
(1533, 5, 37, 89, 0, '00:00:10', 89, 0.68),
(1534, 5, 38, 92, 0, '00:00:10', 92, 0),
(1535, 5, 39, 64, 0, '00:00:10', 64, 0.16),
(1536, 5, 40, 137, 0, '00:00:10', 137, 0.4),
(1537, 5, 33, 254, 0, '00:00:20', 127, 0.36),
(1538, 5, 34, 112, 0, '00:00:20', 56, 0.736),
(1539, 5, 35, 192, 0, '00:00:20', 96, 0.224),
(1540, 5, 36, 116, 0, '00:00:20', 58, 0.536),
(1541, 5, 37, 178, 0, '00:00:20', 89, 0.68),
(1542, 5, 38, 134, 0, '00:00:20', 42, 0),
(1543, 5, 39, 128, 0, '00:00:20', 64, 0.16),
(1544, 5, 40, 274, 0, '00:00:20', 137, 0.4),
(1545, 5, 33, 381, 0, '00:00:30', 127, 0.36),
(1546, 5, 34, 168, 0, '00:00:30', 56, 0.736),
(1547, 5, 35, 238.224, 0, '00:00:30', 46.224, 0.224),
(1548, 5, 36, 174, 0, '00:00:30', 58, 0.536),
(1549, 5, 37, 267, 0, '00:00:30', 89, 0.68),
(1550, 5, 38, 176, 0, '00:00:30', 42, 0),
(1551, 5, 39, 192, 0, '00:00:30', 64, 0.16),
(1552, 5, 40, 361.4, 0, '00:00:30', 87.4, 0.4),
(1553, 5, 33, 458.36, 0, '00:00:40', 77.36, 0.36),
(1554, 5, 34, 224, 0, '00:00:40', 56, 0.736),
(1555, 5, 35, 284.448, 0, '00:00:40', 46.224, 0.224),
(1556, 5, 36, 232, 0, '00:00:40', 58, 0.536),
(1557, 5, 37, 306.68, 0, '00:00:40', 39.68, 0.68),
(1558, 5, 38, 218, 0, '00:00:40', 42, 0),
(1559, 5, 39, 256, 0, '00:00:40', 64, 0.16),
(1560, 5, 40, 448.8, 0, '00:00:40', 87.4, 0.4),
(1561, 5, 33, 535.72, 0, '00:00:50', 77.36, 0.36),
(1562, 5, 34, 280, 0, '00:00:50', 56, 0.736),
(1563, 5, 35, 330.672, 0, '00:00:50', 46.224, 0.224),
(1564, 5, 36, 290, 0, '00:00:50', 58, 0.536),
(1565, 5, 37, 346.36, 0, '00:00:50', 39.68, 0.68),
(1566, 5, 38, 260, 0, '00:00:50', 42, 0),
(1567, 5, 39, 320, 0, '00:00:50', 64, 0.16),
(1568, 5, 40, 536.2, 0, '00:00:50', 87.4, 0.4),
(1569, 5, 33, 613.08, 0, '00:01:00', 77.36, 0.36),
(1570, 5, 34, 336, 0, '00:01:00', 56, 0.736),
(1571, 5, 35, 376.896, 0, '00:01:00', 46.224, 0.224),
(1572, 5, 36, 348, 0, '00:01:00', 58, 0.536),
(1573, 5, 37, 386.04, 0, '00:01:00', 39.68, 0.68),
(1574, 5, 38, 302, 0, '00:01:00', 42, 0),
(1575, 5, 39, 384, 0, '00:01:00', 64, 0.16),
(1576, 5, 40, 623.6, 0, '00:01:00', 87.4, 0.4),
(1577, 5, 33, 690.44, 0, '00:01:10', 77.36, 0.36),
(1578, 5, 34, 392, 0, '00:01:10', 56, 0.736),
(1579, 5, 35, 423.12, 0, '00:01:10', 46.224, 0.224),
(1580, 5, 36, 406, 0, '00:01:10', 58, 0.536),
(1581, 5, 37, 425.72, 0, '00:01:10', 39.68, 0.68),
(1582, 5, 38, 344, 0, '00:01:10', 42, 0),
(1583, 5, 39, 448, 0, '00:01:10', 64, 0.16),
(1584, 5, 40, 711, 0, '00:01:10', 87.4, 0.4),
(1585, 5, 33, 767.8, 0, '00:01:20', 77.36, 0.36),
(1586, 5, 34, 448, 0, '00:01:20', 56, 0.736),
(1587, 5, 35, 469.344, 0, '00:01:20', 46.224, 0.224),
(1588, 5, 36, 464, 0, '00:01:20', 58, 0.536),
(1589, 5, 37, 465.4, 0, '00:01:20', 39.68, 0.68),
(1590, 5, 38, 386, 0, '00:01:20', 42, 0),
(1591, 5, 39, 512, 0, '00:01:20', 64, 0.16),
(1592, 5, 40, 798.4, 0, '00:01:20', 87.4, 0.4),
(1593, 5, 33, 845.16, 0, '00:01:30', 77.36, 0.36),
(1594, 5, 34, 504, 0, '00:01:30', 56, 0.736),
(1595, 5, 35, 515.568, 0, '00:01:30', 46.224, 0.224),
(1596, 5, 36, 522, 0, '00:01:30', 58, 0.536),
(1597, 5, 37, 505.08, 0, '00:01:30', 39.68, 0.68),
(1598, 5, 38, 428, 0, '00:01:30', 42, 0),
(1599, 5, 39, 576, 0, '00:01:30', 64, 0.16),
(1600, 5, 40, 885.8, 0, '00:01:30', 87.4, 0.4),
(1601, 5, 33, 922.52, 0, '00:01:40', 77.36, 0.36),
(1602, 5, 34, 560, 0, '00:01:40', 56, 0.736),
(1603, 5, 35, 561.792, 0, '00:01:40', 46.224, 0.224),
(1604, 5, 36, 580, 0, '00:01:40', 58, 0.536),
(1605, 5, 37, 544.76, 0, '00:01:40', 39.68, 0.68),
(1606, 5, 38, 470, 0, '00:01:40', 42, 0),
(1607, 5, 39, 640, 0, '00:01:40', 64, 0.16),
(1608, 5, 40, 973.2, 0, '00:01:40', 87.4, 0.4),
(1609, 5, 33, 999.88, 0, '00:01:50', 77.36, 0.36),
(1610, 5, 34, 616, 0, '00:01:50', 56, 0.736),
(1611, 5, 35, 608.016, 0, '00:01:50', 46.224, 0.224),
(1612, 5, 36, 638, 0, '00:01:50', 58, 0.536),
(1613, 5, 37, 584.44, 0, '00:01:50', 39.68, 0.68),
(1614, 5, 38, 512, 0, '00:01:50', 42, 0),
(1615, 5, 39, 704, 0, '00:01:50', 64, 0.16),
(1616, 5, 40, 1060.6, 0, '00:01:50', 87.4, 0.4),
(1617, 5, 33, 1077.24, 0, '00:02:00', 77.36, 0.36),
(1618, 5, 34, 672, 0, '00:02:00', 56, 0.736),
(1619, 5, 35, 654.24, 0, '00:02:00', 46.224, 0.224),
(1620, 5, 36, 696, 0, '00:02:00', 58, 0.536),
(1621, 5, 37, 624.12, 0, '00:02:00', 39.68, 0.68),
(1622, 5, 38, 554, 0, '00:02:00', 42, 0),
(1623, 5, 39, 768, 0, '00:02:00', 64, 0.16),
(1624, 5, 40, 1148, 0, '00:02:00', 87.4, 0.4),
(1625, 5, 33, 1154.6, 0, '00:02:10', 77.36, 0.36),
(1626, 5, 34, 678.736, 0, '00:02:10', 6.736, 0.736),
(1627, 5, 35, 700.464, 0, '00:02:10', 46.224, 0.224),
(1628, 5, 36, 754, 0, '00:02:10', 58, 0.536),
(1629, 5, 37, 663.8, 0, '00:02:10', 39.68, 0.68),
(1630, 5, 38, 596, 0, '00:02:10', 42, 0),
(1631, 5, 39, 832, 0, '00:02:10', 64, 0.16),
(1632, 5, 40, 1235.4, 0, '00:02:10', 87.4, 0.4),
(1633, 5, 33, 1231.96, 0, '00:02:20', 77.36, 0.36),
(1634, 5, 34, 685.472, 0, '00:02:20', 6.736, 0.736),
(1635, 5, 35, 746.688, 0, '00:02:20', 46.224, 0.224),
(1636, 5, 36, 812, 0, '00:02:20', 58, 0.536),
(1637, 5, 37, 703.48, 0, '00:02:20', 39.68, 0.68),
(1638, 5, 38, 638, 0, '00:02:20', 42, 0),
(1639, 5, 39, 896, 0, '00:02:20', 64, 0.16),
(1640, 5, 40, 1322.8, 0, '00:02:20', 87.4, 0.4),
(1641, 5, 33, 1309.32, 0, '00:02:30', 77.36, 0.36),
(1642, 5, 34, 692.208, 0, '00:02:30', 6.736, 0.736),
(1643, 5, 35, 792.912, 0, '00:02:30', 46.224, 0.224),
(1644, 5, 36, 820.536, 0, '00:02:30', 8.536, 0.536),
(1645, 5, 37, 743.16, 0, '00:02:30', 39.68, 0.68),
(1646, 5, 38, 680, 0, '00:02:30', 42, 0),
(1647, 5, 39, 910.16, 0, '00:02:30', 14.16, 0.16),
(1648, 5, 40, 1410.2, 0, '00:02:30', 87.4, 0.4),
(1649, 5, 33, 1386.68, 0, '00:02:40', 77.36, 0.36),
(1650, 5, 34, 698.944, 0, '00:02:40', 6.736, 0.736),
(1651, 5, 35, 839.136, 0, '00:02:40', 46.224, 0.224),
(1652, 5, 36, 829.072, 0, '00:02:40', 8.536, 0.536),
(1653, 5, 37, 782.84, 0, '00:02:40', 39.68, 0.68),
(1654, 5, 38, 722, 0, '00:02:40', 42, 0),
(1655, 5, 39, 924.32, 0, '00:02:40', 14.16, 0.16),
(1656, 5, 40, 1497.6, 0, '00:02:40', 87.4, 0.4),
(1657, 5, 33, 1464.04, 0, '00:02:50', 77.36, 0.36),
(1658, 5, 34, 705.68, 0, '00:02:50', 6.736, 0.736),
(1659, 5, 35, 885.36, 0, '00:02:50', 46.224, 0.224),
(1660, 5, 36, 837.608, 0, '00:02:50', 8.536, 0.536),
(1661, 5, 37, 822.52, 0, '00:02:50', 39.68, 0.68),
(1662, 5, 38, 764, 0, '00:02:50', 42, 0),
(1663, 5, 39, 938.48, 0, '00:02:50', 14.16, 0.16),
(1664, 5, 40, 1500, 0, '00:02:50', 87.4, 0.4),
(1665, 5, 33, 1500, 0, '00:03:00', 77.36, 0.36),
(1666, 5, 34, 712.416, 0, '00:03:00', 6.736, 0.736),
(1667, 5, 35, 931.584, 0, '00:03:00', 46.224, 0.224),
(1668, 5, 36, 846.144, 0, '00:03:00', 8.536, 0.536),
(1669, 5, 37, 862.2, 0, '00:03:00', 39.68, 0.68),
(1670, 5, 38, 806, 0, '00:03:00', 42, 0),
(1671, 5, 39, 952.64, 0, '00:03:00', 14.16, 0.16),
(1672, 5, 34, 719.152, 0, '00:03:10', 6.736, 0.736),
(1673, 5, 35, 977.808, 0, '00:03:10', 46.224, 0.224),
(1674, 5, 36, 854.68, 0, '00:03:10', 8.536, 0.536),
(1675, 5, 37, 901.88, 0, '00:03:10', 39.68, 0.68),
(1676, 5, 38, 848, 0, '00:03:10', 42, 0),
(1677, 5, 39, 966.8, 0, '00:03:10', 14.16, 0.16),
(1678, 5, 34, 725.888, 0, '00:03:20', 6.736, 0.736),
(1679, 5, 35, 1024.03, 0, '00:03:20', 46.224, 0.224),
(1680, 5, 36, 863.216, 0, '00:03:20', 8.536, 0.536),
(1681, 5, 37, 941.56, 0, '00:03:20', 39.68, 0.68),
(1682, 5, 38, 890, 0, '00:03:20', 42, 0),
(1683, 5, 39, 980.96, 0, '00:03:20', 14.16, 0.16),
(1684, 5, 34, 732.624, 0, '00:03:30', 6.736, 0.736),
(1685, 5, 35, 1070.25, 0, '00:03:30', 46.224, 0.224),
(1686, 5, 36, 871.752, 0, '00:03:30', 8.536, 0.536),
(1687, 5, 37, 981.24, 0, '00:03:30', 39.68, 0.68),
(1688, 5, 38, 932, 0, '00:03:30', 42, 0),
(1689, 5, 39, 995.12, 0, '00:03:30', 14.16, 0.16),
(1690, 5, 34, 739.36, 0, '00:03:40', 6.736, 0.736),
(1691, 5, 35, 1116.47, 0, '00:03:40', 46.224, 0.224),
(1692, 5, 36, 880.288, 0, '00:03:40', 8.536, 0.536),
(1693, 5, 37, 1020.92, 0, '00:03:40', 39.68, 0.68),
(1694, 5, 38, 974, 0, '00:03:40', 42, 0),
(1695, 5, 39, 1009.28, 0, '00:03:40', 14.16, 0.16),
(1696, 5, 34, 746.096, 0, '00:03:50', 6.736, 0.736),
(1697, 5, 35, 1162.69, 0, '00:03:50', 46.224, 0.224),
(1698, 5, 36, 888.824, 0, '00:03:50', 8.536, 0.536),
(1699, 5, 37, 1060.6, 0, '00:03:50', 39.68, 0.68),
(1700, 5, 38, 1016, 0, '00:03:50', 42, 0),
(1701, 5, 39, 1023.44, 0, '00:03:50', 14.16, 0.16),
(1702, 5, 34, 752.832, 0, '00:04:00', 6.736, 0.736),
(1703, 5, 35, 1208.91, 0, '00:04:00', 46.224, 0.224),
(1704, 5, 36, 897.36, 0, '00:04:00', 8.536, 0.536),
(1705, 5, 37, 1100.28, 0, '00:04:00', 39.68, 0.68),
(1706, 5, 38, 1058, 0, '00:04:00', 42, 0),
(1707, 5, 39, 1037.6, 0, '00:04:00', 14.16, 0.16),
(1708, 5, 34, 759.568, 0, '00:04:10', 6.736, 0.736),
(1709, 5, 35, 1255.13, 0, '00:04:10', 46.224, 0.224),
(1710, 5, 36, 905.896, 0, '00:04:10', 8.536, 0.536),
(1711, 5, 37, 1139.96, 0, '00:04:10', 39.68, 0.68),
(1712, 5, 38, 1100, 0, '00:04:10', 42, 0),
(1713, 5, 39, 1051.76, 0, '00:04:10', 14.16, 0.16),
(1714, 5, 34, 766.304, 0, '00:04:20', 6.736, 0.736),
(1715, 5, 35, 1301.35, 0, '00:04:20', 46.224, 0.224),
(1716, 5, 36, 914.432, 0, '00:04:20', 8.536, 0.536),
(1717, 5, 37, 1179.64, 0, '00:04:20', 39.68, 0.68),
(1718, 5, 38, 1142, 0, '00:04:20', 42, 0),
(1719, 5, 39, 1065.92, 0, '00:04:20', 14.16, 0.16),
(1720, 5, 34, 773.04, 0, '00:04:30', 6.736, 0.736),
(1721, 5, 35, 1347.57, 0, '00:04:30', 46.224, 0.224),
(1722, 5, 36, 922.968, 0, '00:04:30', 8.536, 0.536),
(1723, 5, 37, 1219.32, 0, '00:04:30', 39.68, 0.68),
(1724, 5, 38, 1184, 0, '00:04:30', 42, 0),
(1725, 5, 39, 1080.08, 0, '00:04:30', 14.16, 0.16),
(1726, 5, 34, 779.776, 0, '00:04:40', 6.736, 0.736),
(1727, 5, 35, 1393.79, 0, '00:04:40', 46.224, 0.224),
(1728, 5, 36, 931.504, 0, '00:04:40', 8.536, 0.536),
(1729, 5, 37, 1259, 0, '00:04:40', 39.68, 0.68),
(1730, 5, 38, 1226, 0, '00:04:40', 42, 0),
(1731, 5, 39, 1094.24, 0, '00:04:40', 14.16, 0.16),
(1732, 5, 34, 786.512, 0, '00:04:50', 6.736, 0.736),
(1733, 5, 35, 1440.01, 0, '00:04:50', 46.224, 0.224),
(1734, 5, 36, 940.04, 0, '00:04:50', 8.536, 0.536),
(1735, 5, 37, 1298.68, 0, '00:04:50', 39.68, 0.68),
(1736, 5, 38, 1268, 0, '00:04:50', 42, 0),
(1737, 5, 39, 1108.4, 0, '00:04:50', 14.16, 0.16),
(1738, 5, 34, 793.248, 0, '00:05:00', 6.736, 0.736),
(1739, 5, 35, 1486.23, 0, '00:05:00', 46.224, 0.224),
(1740, 5, 36, 948.576, 0, '00:05:00', 8.536, 0.536),
(1741, 5, 37, 1338.36, 0, '00:05:00', 39.68, 0.68),
(1742, 5, 38, 1310, 0, '00:05:00', 42, 0),
(1743, 5, 39, 1122.56, 0, '00:05:00', 14.16, 0.16),
(1744, 5, 34, 799.984, 0, '00:05:10', 6.736, 0.736),
(1745, 5, 35, 1500, 0, '00:05:10', 46.224, 0.224),
(1746, 5, 36, 957.112, 0, '00:05:10', 8.536, 0.536),
(1747, 5, 37, 1378.04, 0, '00:05:10', 39.68, 0.68),
(1748, 5, 38, 1352, 0, '00:05:10', 42, 0),
(1749, 5, 39, 1136.72, 0, '00:05:10', 14.16, 0.16),
(1750, 5, 34, 806.72, 0, '00:05:20', 6.736, 0.736),
(1751, 5, 36, 965.648, 0, '00:05:20', 8.536, 0.536),
(1752, 5, 37, 1417.72, 0, '00:05:20', 39.68, 0.68),
(1753, 5, 38, 1394, 0, '00:05:20', 42, 0),
(1754, 5, 39, 1150.88, 0, '00:05:20', 14.16, 0.16),
(1755, 5, 34, 813.456, 0, '00:05:30', 6.736, 0.736),
(1756, 5, 36, 974.184, 0, '00:05:30', 8.536, 0.536),
(1757, 5, 37, 1457.4, 0, '00:05:30', 39.68, 0.68),
(1758, 5, 38, 1436, 0, '00:05:30', 42, 0),
(1759, 5, 39, 1165.04, 0, '00:05:30', 14.16, 0.16),
(1760, 5, 34, 820.192, 0, '00:05:40', 6.736, 0.736),
(1761, 5, 36, 982.72, 0, '00:05:40', 8.536, 0.536),
(1762, 5, 37, 1497.08, 0, '00:05:40', 39.68, 0.68),
(1763, 5, 38, 1478, 0, '00:05:40', 42, 0),
(1764, 5, 39, 1179.2, 0, '00:05:40', 14.16, 0.16),
(1765, 5, 34, 826.928, 0, '00:05:50', 6.736, 0.736),
(1766, 5, 36, 991.256, 0, '00:05:50', 8.536, 0.536),
(1767, 5, 37, 1500, 0, '00:05:50', 39.68, 0.68),
(1768, 5, 38, 1500, 0, '00:05:50', 42, 0),
(1769, 5, 39, 1193.36, 0, '00:05:50', 14.16, 0.16),
(1770, 5, 34, 833.664, 0, '00:06:00', 6.736, 0.736),
(1771, 5, 36, 999.792, 0, '00:06:00', 8.536, 0.536),
(1772, 5, 39, 1207.52, 0, '00:06:00', 14.16, 0.16),
(1773, 5, 34, 840.4, 0, '00:06:10', 6.736, 0.736),
(1774, 5, 36, 1008.33, 0, '00:06:10', 8.536, 0.536),
(1775, 5, 39, 1221.68, 0, '00:06:10', 14.16, 0.16),
(1776, 5, 34, 847.136, 0, '00:06:20', 6.736, 0.736),
(1777, 5, 36, 1016.87, 0, '00:06:20', 8.536, 0.536),
(1778, 5, 39, 1235.84, 0, '00:06:20', 14.16, 0.16),
(1779, 5, 34, 853.872, 0, '00:06:30', 6.736, 0.736),
(1780, 5, 36, 1025.41, 0, '00:06:30', 8.536, 0.536),
(1781, 5, 39, 1250, 0, '00:06:30', 14.16, 0.16),
(1782, 5, 34, 860.608, 0, '00:06:40', 6.736, 0.736),
(1783, 5, 36, 1033.95, 0, '00:06:40', 8.536, 0.536),
(1784, 5, 39, 1264.16, 0, '00:06:40', 14.16, 0.16),
(1785, 5, 34, 867.344, 0, '00:06:50', 6.736, 0.736),
(1786, 5, 36, 1042.49, 0, '00:06:50', 8.536, 0.536),
(1787, 5, 39, 1278.32, 0, '00:06:50', 14.16, 0.16),
(1788, 5, 34, 874.08, 0, '00:07:00', 6.736, 0.736),
(1789, 5, 36, 1051.03, 0, '00:07:00', 8.536, 0.536),
(1790, 5, 39, 1292.48, 0, '00:07:00', 14.16, 0.16),
(1791, 5, 34, 880.816, 0, '00:07:10', 6.736, 0.736),
(1792, 5, 36, 1059.57, 0, '00:07:10', 8.536, 0.536),
(1793, 5, 39, 1306.64, 0, '00:07:10', 14.16, 0.16),
(1794, 5, 34, 887.552, 0, '00:07:20', 6.736, 0.736),
(1795, 5, 36, 1068.11, 0, '00:07:20', 8.536, 0.536),
(1796, 5, 39, 1320.8, 0, '00:07:20', 14.16, 0.16),
(1797, 5, 34, 894.288, 0, '00:07:30', 6.736, 0.736),
(1798, 5, 36, 1076.65, 0, '00:07:30', 8.536, 0.536),
(1799, 5, 39, 1334.96, 0, '00:07:30', 14.16, 0.16),
(1800, 5, 34, 901.024, 0, '00:07:40', 6.736, 0.736),
(1801, 5, 36, 1085.19, 0, '00:07:40', 8.536, 0.536),
(1802, 5, 39, 1349.12, 0, '00:07:40', 14.16, 0.16),
(1803, 5, 34, 907.76, 0, '00:07:50', 6.736, 0.736),
(1804, 5, 36, 1093.73, 0, '00:07:50', 8.536, 0.536),
(1805, 5, 39, 1363.28, 0, '00:07:50', 14.16, 0.16),
(1806, 5, 34, 914.496, 0, '00:08:00', 6.736, 0.736),
(1807, 5, 36, 1102.27, 0, '00:08:00', 8.536, 0.536),
(1808, 5, 39, 1377.44, 0, '00:08:00', 14.16, 0.16),
(1809, 5, 34, 921.232, 0, '00:08:10', 6.736, 0.736),
(1810, 5, 36, 1110.81, 0, '00:08:10', 8.536, 0.536),
(1811, 5, 39, 1391.6, 0, '00:08:10', 14.16, 0.16),
(1812, 5, 34, 927.968, 0, '00:08:20', 6.736, 0.736),
(1813, 5, 36, 1119.35, 0, '00:08:20', 8.536, 0.536),
(1814, 5, 39, 1405.76, 0, '00:08:20', 14.16, 0.16),
(1815, 5, 34, 934.704, 0, '00:08:30', 6.736, 0.736),
(1816, 5, 36, 1127.89, 0, '00:08:30', 8.536, 0.536),
(1817, 5, 39, 1419.92, 0, '00:08:30', 14.16, 0.16),
(1818, 5, 34, 941.44, 0, '00:08:40', 6.736, 0.736),
(1819, 5, 36, 1136.43, 0, '00:08:40', 8.536, 0.536),
(1820, 5, 39, 1434.08, 0, '00:08:40', 14.16, 0.16),
(1821, 5, 34, 948.176, 0, '00:08:50', 6.736, 0.736),
(1822, 5, 36, 1144.97, 0, '00:08:50', 8.536, 0.536),
(1823, 5, 39, 1448.24, 0, '00:08:50', 14.16, 0.16),
(1824, 5, 34, 954.912, 0, '00:09:00', 6.736, 0.736),
(1825, 5, 36, 1153.51, 0, '00:09:00', 8.536, 0.536),
(1826, 5, 39, 1462.4, 0, '00:09:00', 14.16, 0.16),
(1827, 5, 34, 961.648, 0, '00:09:10', 6.736, 0.736),
(1828, 5, 36, 1162.05, 0, '00:09:10', 8.536, 0.536),
(1829, 5, 39, 1476.56, 0, '00:09:10', 14.16, 0.16),
(1830, 5, 34, 968.384, 0, '00:09:20', 6.736, 0.736),
(1831, 5, 36, 1170.59, 0, '00:09:20', 8.536, 0.536),
(1832, 5, 39, 1490.72, 0, '00:09:20', 14.16, 0.16),
(1833, 5, 34, 975.12, 0, '00:09:30', 6.736, 0.736),
(1834, 5, 36, 1179.13, 0, '00:09:30', 8.536, 0.536),
(1835, 5, 39, 1500, 0, '00:09:30', 14.16, 0.16),
(1836, 5, 34, 981.856, 0, '00:09:40', 6.736, 0.736),
(1837, 5, 36, 1187.67, 0, '00:09:40', 8.536, 0.536),
(1838, 5, 34, 988.592, 0, '00:09:50', 6.736, 0.736),
(1839, 5, 36, 1196.21, 0, '00:09:50', 8.536, 0.536),
(1840, 5, 34, 995.328, 0, '00:10:00', 6.736, 0.736),
(1841, 5, 36, 1204.75, 0, '00:10:00', 8.536, 0.536),
(1842, 5, 34, 1002.06, 0, '00:10:10', 6.736, 0.736),
(1843, 5, 36, 1213.29, 0, '00:10:10', 8.536, 0.536),
(1844, 5, 34, 1008.8, 0, '00:10:20', 6.736, 0.736),
(1845, 5, 36, 1221.83, 0, '00:10:20', 8.536, 0.536),
(1846, 5, 34, 1015.54, 0, '00:10:30', 6.736, 0.736),
(1847, 5, 36, 1230.37, 0, '00:10:30', 8.536, 0.536),
(1848, 5, 34, 1022.28, 0, '00:10:40', 6.736, 0.736),
(1849, 5, 36, 1238.91, 0, '00:10:40', 8.536, 0.536),
(1850, 5, 34, 1029.02, 0, '00:10:50', 6.736, 0.736),
(1851, 5, 36, 1247.45, 0, '00:10:50', 8.536, 0.536),
(1852, 5, 34, 1035.76, 0, '00:11:00', 6.736, 0.736),
(1853, 5, 36, 1255.99, 0, '00:11:00', 8.536, 0.536),
(1854, 5, 34, 1042.5, 0, '00:11:10', 6.736, 0.736),
(1855, 5, 36, 1264.53, 0, '00:11:10', 8.536, 0.536),
(1856, 5, 34, 1049.24, 0, '00:11:20', 6.736, 0.736),
(1857, 5, 36, 1273.07, 0, '00:11:20', 8.536, 0.536),
(1858, 5, 34, 1055.98, 0, '00:11:30', 6.736, 0.736),
(1859, 5, 36, 1281.61, 0, '00:11:30', 8.536, 0.536),
(1860, 5, 34, 1062.72, 0, '00:11:40', 6.736, 0.736),
(1861, 5, 36, 1290.15, 0, '00:11:40', 8.536, 0.536),
(1862, 5, 34, 1069.46, 0, '00:11:50', 6.736, 0.736),
(1863, 5, 36, 1298.69, 0, '00:11:50', 8.536, 0.536),
(1864, 5, 34, 1076.2, 0, '00:12:00', 6.736, 0.736),
(1865, 5, 36, 1307.23, 0, '00:12:00', 8.536, 0.536),
(1866, 5, 34, 1082.94, 0, '00:12:10', 6.736, 0.736),
(1867, 5, 36, 1315.77, 0, '00:12:10', 8.536, 0.536),
(1868, 5, 34, 1089.68, 0, '00:12:20', 6.736, 0.736),
(1869, 5, 36, 1324.31, 0, '00:12:20', 8.536, 0.536),
(1870, 5, 34, 1096.42, 0, '00:12:30', 6.736, 0.736),
(1871, 5, 36, 1332.85, 0, '00:12:30', 8.536, 0.536),
(1872, 5, 34, 1103.16, 0, '00:12:40', 6.736, 0.736),
(1873, 5, 36, 1341.39, 0, '00:12:40', 8.536, 0.536),
(1874, 5, 34, 1109.9, 0, '00:12:50', 6.736, 0.736),
(1875, 5, 36, 1349.93, 0, '00:12:50', 8.536, 0.536),
(1876, 5, 34, 1116.64, 0, '00:13:00', 6.736, 0.736),
(1877, 5, 36, 1358.47, 0, '00:13:00', 8.536, 0.536),
(1878, 5, 34, 1123.38, 0, '00:13:10', 6.736, 0.736),
(1879, 5, 36, 1367.01, 0, '00:13:10', 8.536, 0.536),
(1880, 5, 34, 1130.12, 0, '00:13:20', 6.736, 0.736),
(1881, 5, 36, 1375.55, 0, '00:13:20', 8.536, 0.536),
(1882, 5, 34, 1136.86, 0, '00:13:30', 6.736, 0.736),
(1883, 5, 36, 1384.09, 0, '00:13:30', 8.536, 0.536),
(1884, 5, 34, 1143.6, 0, '00:13:40', 6.736, 0.736),
(1885, 5, 36, 1392.63, 0, '00:13:40', 8.536, 0.536),
(1886, 5, 34, 1150.34, 0, '00:13:50', 6.736, 0.736),
(1887, 5, 36, 1401.17, 0, '00:13:50', 8.536, 0.536),
(1888, 5, 34, 1157.08, 0, '00:14:00', 6.736, 0.736),
(1889, 5, 36, 1409.71, 0, '00:14:00', 8.536, 0.536),
(1890, 5, 34, 1163.82, 0, '00:14:10', 6.736, 0.736),
(1891, 5, 36, 1418.25, 0, '00:14:10', 8.536, 0.536),
(1892, 5, 34, 1170.56, 0, '00:14:20', 6.736, 0.736),
(1893, 5, 36, 1426.79, 0, '00:14:20', 8.536, 0.536),
(1894, 5, 34, 1177.3, 0, '00:14:30', 6.736, 0.736),
(1895, 5, 36, 1435.33, 0, '00:14:30', 8.536, 0.536),
(1896, 5, 34, 1184.04, 0, '00:14:40', 6.736, 0.736),
(1897, 5, 36, 1443.87, 0, '00:14:40', 8.536, 0.536),
(1898, 5, 34, 1190.78, 0, '00:14:50', 6.736, 0.736),
(1899, 5, 36, 1452.41, 0, '00:14:50', 8.536, 0.536),
(1900, 5, 34, 1197.52, 0, '00:15:00', 6.736, 0.736),
(1901, 5, 36, 1460.95, 0, '00:15:00', 8.536, 0.536),
(1902, 5, 34, 1204.26, 0, '00:15:10', 6.736, 0.736),
(1903, 5, 36, 1469.49, 0, '00:15:10', 8.536, 0.536),
(1904, 5, 34, 1211, 0, '00:15:20', 6.736, 0.736),
(1905, 5, 36, 1478.03, 0, '00:15:20', 8.536, 0.536),
(1906, 5, 34, 1217.74, 0, '00:15:30', 6.736, 0.736),
(1907, 5, 36, 1486.57, 0, '00:15:30', 8.536, 0.536),
(1908, 5, 34, 1224.48, 0, '00:15:40', 6.736, 0.736),
(1909, 5, 36, 1495.11, 0, '00:15:40', 8.536, 0.536),
(1910, 5, 34, 1231.22, 0, '00:15:50', 6.736, 0.736),
(1911, 5, 36, 1500, 0, '00:15:50', 8.536, 0.536),
(1912, 5, 34, 1237.96, 0, '00:16:00', 6.736, 0.736),
(1913, 5, 34, 1244.7, 0, '00:16:10', 6.736, 0.736),
(1914, 5, 34, 1251.44, 0, '00:16:20', 6.736, 0.736),
(1915, 5, 34, 1258.18, 0, '00:16:30', 6.736, 0.736),
(1916, 5, 34, 1264.92, 0, '00:16:40', 6.736, 0.736),
(1917, 5, 34, 1271.66, 0, '00:16:50', 6.736, 0.736),
(1918, 5, 34, 1278.4, 0, '00:17:00', 6.736, 0.736),
(1919, 5, 34, 1285.14, 0, '00:17:10', 6.736, 0.736),
(1920, 5, 34, 1291.88, 0, '00:17:20', 6.736, 0.736),
(1921, 5, 34, 1298.62, 0, '00:17:30', 6.736, 0.736),
(1922, 5, 34, 1305.36, 0, '00:17:40', 6.736, 0.736),
(1923, 5, 34, 1312.1, 0, '00:17:50', 6.736, 0.736),
(1924, 5, 34, 1318.84, 0, '00:18:00', 6.736, 0.736),
(1925, 5, 34, 1325.58, 0, '00:18:10', 6.736, 0.736),
(1926, 5, 34, 1332.32, 0, '00:18:20', 6.736, 0.736),
(1927, 5, 34, 1339.06, 0, '00:18:30', 6.736, 0.736),
(1928, 5, 34, 1345.8, 0, '00:18:40', 6.736, 0.736),
(1929, 5, 34, 1352.54, 0, '00:18:50', 6.736, 0.736),
(1930, 5, 34, 1359.28, 0, '00:19:00', 6.736, 0.736),
(1931, 5, 34, 1366.02, 0, '00:19:10', 6.736, 0.736),
(1932, 5, 34, 1372.76, 0, '00:19:20', 6.736, 0.736),
(1933, 5, 34, 1379.5, 0, '00:19:30', 6.736, 0.736),
(1934, 5, 34, 1386.24, 0, '00:19:40', 6.736, 0.736),
(1935, 5, 34, 1392.98, 0, '00:19:50', 6.736, 0.736),
(1936, 5, 34, 1399.72, 0, '00:20:00', 6.736, 0.736),
(1937, 5, 34, 1406.46, 0, '00:20:10', 6.736, 0.736),
(1938, 5, 34, 1413.2, 0, '00:20:20', 6.736, 0.736),
(1939, 5, 34, 1419.94, 0, '00:20:30', 6.736, 0.736),
(1940, 5, 34, 1426.68, 0, '00:20:40', 6.736, 0.736),
(1941, 5, 34, 1433.42, 0, '00:20:50', 6.736, 0.736),
(1942, 5, 34, 1440.16, 0, '00:21:00', 6.736, 0.736),
(1943, 5, 34, 1446.9, 0, '00:21:10', 6.736, 0.736),
(1944, 5, 34, 1453.64, 0, '00:21:20', 6.736, 0.736),
(1945, 5, 34, 1460.38, 0, '00:21:30', 6.736, 0.736),
(1946, 5, 34, 1467.12, 0, '00:21:40', 6.736, 0.736),
(1947, 5, 34, 1473.86, 0, '00:21:50', 6.736, 0.736),
(1948, 5, 34, 1480.6, 0, '00:22:00', 6.736, 0.736),
(1949, 5, 34, 1487.34, 0, '00:22:10', 6.736, 0.736),
(1950, 5, 34, 1494.08, 0, '00:22:20', 6.736, 0.736),
(1951, 5, 34, 1500, 0, '00:22:30', 6.736, 0.736),
(1952, 6, 41, 116, 0, '00:00:10', 116, 0.184),
(1953, 6, 42, 50, 0, '00:00:10', 50, 0.32),
(1954, 6, 43, 80, 0, '00:00:10', 80, 0.064),
(1955, 6, 44, 139, 0, '00:00:10', 139, 0.296),
(1956, 6, 45, 65, 0, '00:00:10', 65, 0.64),
(1957, 6, 46, 115, 0, '00:00:10', 115, 0.032),
(1958, 6, 47, 75, 0, '00:00:10', 75, 0.76),
(1959, 6, 48, 85, 0, '00:00:10', 85, 0.208),
(1960, 6, 41, 232, 0, '00:00:20', 116, 0.184),
(1961, 6, 42, 100, 0, '00:00:20', 50, 0.32),
(1962, 6, 43, 110.064, 0, '00:00:20', 30.064, 0.064),
(1963, 6, 44, 278, 0, '00:00:20', 139, 0.296),
(1964, 6, 45, 130, 0, '00:00:20', 65, 0.64),
(1965, 6, 46, 230, 0, '00:00:20', 115, 0.032),
(1966, 6, 47, 150, 0, '00:00:20', 75, 0.76),
(1967, 6, 48, 170, 0, '00:00:20', 85, 0.208),
(1968, 6, 41, 298.184, 0, '00:00:30', 66.184, 0.184),
(1969, 6, 42, 150, 0, '00:00:30', 50, 0.32),
(1970, 6, 43, 140.128, 0, '00:00:30', 30.064, 0.064),
(1971, 6, 44, 417, 0, '00:00:30', 139, 0.296),
(1972, 6, 45, 195, 0, '00:00:30', 65, 0.64),
(1973, 6, 46, 345, 0, '00:00:30', 115, 0.032),
(1974, 6, 47, 225, 0, '00:00:30', 75, 0.76),
(1975, 6, 48, 255, 0, '00:00:30', 85, 0.208),
(1976, 6, 41, 364.368, 0, '00:00:40', 66.184, 0.184),
(1977, 6, 42, 150.32, 0, '00:00:40', 0.32, 0.32),
(1978, 6, 43, 170.192, 0, '00:00:40', 30.064, 0.064),
(1979, 6, 44, 556, 0, '00:00:40', 139, 0.296),
(1980, 6, 45, 260, 0, '00:00:40', 65, 0.64),
(1981, 6, 46, 460, 0, '00:00:40', 115, 0.032),
(1982, 6, 47, 300, 0, '00:00:40', 75, 0.76),
(1983, 6, 48, 340, 0, '00:00:40', 85, 0.208),
(1984, 6, 41, 430.552, 0, '00:00:50', 66.184, 0.184),
(1985, 6, 42, 150.64, 0, '00:00:50', 0.32, 0.32),
(1986, 6, 43, 200.256, 0, '00:00:50', 30.064, 0.064),
(1987, 6, 44, 695, 0, '00:00:50', 139, 0.296),
(1988, 6, 45, 325, 0, '00:00:50', 65, 0.64),
(1989, 6, 46, 575, 0, '00:00:50', 115, 0.032),
(1990, 6, 47, 375, 0, '00:00:50', 75, 0.76),
(1991, 6, 48, 425, 0, '00:00:50', 85, 0.208),
(1992, 7, 49, 104, 0, '00:00:10', 104, 0.232),
(1993, 7, 50, 78, 0, '00:00:10', 78, 0.416),
(1994, 7, 51, 138, 0, '00:00:10', 138, 0.656),
(1995, 7, 52, 95, 0, '00:00:10', 95, 0.344),
(1996, 7, 53, 127, 0, '00:00:10', 127, 0.432),
(1997, 7, 54, 70, 0, '00:00:10', 70, 0.696),
(1998, 7, 55, 114, 0, '00:00:10', 114, 0.688),
(1999, 7, 56, 110, 0, '00:00:10', 110, 0.64),
(2000, 7, 49, 208, 0, '00:00:20', 104, 0.232),
(2001, 7, 50, 156, 0, '00:00:20', 78, 0.416),
(2002, 7, 51, 276, 0, '00:00:20', 138, 0.656),
(2003, 7, 52, 190, 0, '00:00:20', 95, 0.344),
(2004, 7, 53, 204.432, 0, '00:00:20', 77.432, 0.432),
(2005, 7, 54, 140, 0, '00:00:20', 70, 0.696),
(2006, 7, 55, 228, 0, '00:00:20', 114, 0.688),
(2007, 7, 56, 220, 0, '00:00:20', 110, 0.64),
(2008, 7, 49, 262.232, 0, '00:00:30', 54.232, 0.232),
(2009, 7, 50, 234, 0, '00:00:30', 78, 0.416),
(2010, 7, 51, 414, 0, '00:00:30', 138, 0.656),
(2011, 7, 52, 285, 0, '00:00:30', 95, 0.344),
(2012, 7, 53, 281.864, 0, '00:00:30', 77.432, 0.432),
(2013, 7, 54, 210, 0, '00:00:30', 70, 0.696),
(2014, 7, 55, 342, 0, '00:00:30', 114, 0.688),
(2015, 7, 56, 330, 0, '00:00:30', 110, 0.64),
(2016, 7, 49, 316.464, 0, '00:00:40', 54.232, 0.232),
(2017, 7, 50, 312, 0, '00:00:40', 78, 0.416),
(2018, 7, 51, 552, 0, '00:00:40', 138, 0.656),
(2019, 7, 52, 330.344, 0, '00:00:40', 45.344, 0.344),
(2020, 7, 53, 359.296, 0, '00:00:40', 77.432, 0.432),
(2021, 7, 54, 280, 0, '00:00:40', 70, 0.696),
(2022, 7, 55, 456, 0, '00:00:40', 114, 0.688),
(2023, 7, 56, 440, 0, '00:00:40', 110, 0.64),
(2024, 7, 49, 370.696, 0, '00:00:50', 54.232, 0.232),
(2025, 7, 50, 390, 0, '00:00:50', 78, 0.416),
(2026, 7, 51, 640.656, 0, '00:00:50', 88.656, 0.656),
(2027, 7, 52, 375.688, 0, '00:00:50', 45.344, 0.344),
(2028, 7, 53, 436.728, 0, '00:00:50', 77.432, 0.432),
(2029, 7, 54, 300.696, 0, '00:00:50', 20.696, 0.696),
(2030, 7, 55, 570, 0, '00:00:50', 114, 0.688),
(2031, 7, 56, 550, 0, '00:00:50', 110, 0.64),
(2032, 8, 57, 74, 0, '00:00:10', 74, 0.216),
(2033, 8, 58, 79, 0, '00:00:10', 79, 0.8),
(2034, 8, 59, 149, 0, '00:00:10', 149, 0.456),
(2035, 8, 60, 130, 0, '00:00:10', 130, 0.056),
(2036, 8, 61, 139, 0, '00:00:10', 139, 0.352),
(2037, 8, 62, 143, 0, '00:00:10', 143, 0.784),
(2038, 8, 63, 61, 0, '00:00:10', 61, 0.384),
(2039, 8, 64, 121, 0, '00:00:10', 121, 0.52),
(2040, 8, 57, 148, 0, '00:00:20', 74, 0.216);
INSERT INTO `progress` (`id`, `raceid`, `horseid`, `distance_covered`, `position`, `currenttime`, `advancing_distance`, `strength_distance`) VALUES
(2041, 8, 58, 158, 0, '00:00:20', 79, 0.8),
(2042, 8, 59, 298, 0, '00:00:20', 149, 0.456),
(2043, 8, 60, 260, 0, '00:00:20', 130, 0.056),
(2044, 8, 61, 278, 0, '00:00:20', 139, 0.352),
(2045, 8, 62, 286, 0, '00:00:20', 143, 0.784),
(2046, 8, 63, 122, 0, '00:00:20', 61, 0.384),
(2047, 8, 64, 192.52, 0, '00:00:20', 71.52, 0.52),
(2048, 8, 57, 222, 0, '00:00:30', 74, 0.216),
(2049, 8, 58, 187.8, 0, '00:00:30', 29.8, 0.8),
(2050, 8, 59, 447, 0, '00:00:30', 149, 0.456),
(2051, 8, 60, 390, 0, '00:00:30', 130, 0.056),
(2052, 8, 61, 417, 0, '00:00:30', 139, 0.352),
(2053, 8, 62, 379.784, 0, '00:00:30', 93.784, 0.784),
(2054, 8, 63, 183, 0, '00:00:30', 61, 0.384),
(2055, 8, 64, 264.04, 0, '00:00:30', 71.52, 0.52),
(2056, 8, 57, 296, 0, '00:00:40', 74, 0.216),
(2057, 8, 58, 217.6, 0, '00:00:40', 29.8, 0.8),
(2058, 8, 59, 596, 0, '00:00:40', 149, 0.456),
(2059, 8, 60, 520, 0, '00:00:40', 130, 0.056),
(2060, 8, 61, 556, 0, '00:00:40', 139, 0.352),
(2061, 8, 62, 473.568, 0, '00:00:40', 93.784, 0.784),
(2062, 8, 63, 244, 0, '00:00:40', 61, 0.384),
(2063, 8, 64, 335.56, 0, '00:00:40', 71.52, 0.52),
(2064, 8, 57, 370, 0, '00:00:50', 74, 0.216),
(2065, 8, 58, 247.4, 0, '00:00:50', 29.8, 0.8),
(2066, 8, 59, 745, 0, '00:00:50', 149, 0.456),
(2067, 8, 60, 650, 0, '00:00:50', 130, 0.056),
(2068, 8, 61, 695, 0, '00:00:50', 139, 0.352),
(2069, 8, 62, 567.352, 0, '00:00:50', 93.784, 0.784),
(2070, 8, 63, 305, 0, '00:00:50', 61, 0.384),
(2071, 8, 64, 407.08, 0, '00:00:50', 71.52, 0.52),
(2072, 8, 57, 444, 0, '00:01:00', 74, 0.216),
(2073, 8, 58, 277.2, 0, '00:01:00', 29.8, 0.8),
(2074, 8, 59, 894, 0, '00:01:00', 149, 0.456),
(2075, 8, 60, 780, 0, '00:01:00', 130, 0.056),
(2076, 8, 61, 834, 0, '00:01:00', 139, 0.352),
(2077, 8, 62, 661.136, 0, '00:01:00', 93.784, 0.784),
(2078, 8, 63, 366, 0, '00:01:00', 61, 0.384),
(2079, 8, 64, 478.6, 0, '00:01:00', 71.52, 0.52),
(2080, 8, 57, 518, 0, '00:01:10', 74, 0.216),
(2081, 8, 58, 307, 0, '00:01:10', 29.8, 0.8),
(2082, 8, 59, 1043, 0, '00:01:10', 149, 0.456),
(2083, 8, 60, 910, 0, '00:01:10', 130, 0.056),
(2084, 8, 61, 923.352, 0, '00:01:10', 89.352, 0.352),
(2085, 8, 62, 754.92, 0, '00:01:10', 93.784, 0.784),
(2086, 8, 63, 427, 0, '00:01:10', 61, 0.384),
(2087, 8, 64, 550.12, 0, '00:01:10', 71.52, 0.52),
(2088, 8, 57, 592, 0, '00:01:20', 74, 0.216),
(2089, 8, 58, 336.8, 0, '00:01:20', 29.8, 0.8),
(2090, 8, 59, 1142.46, 0, '00:01:20', 99.456, 0.456),
(2091, 8, 60, 990.056, 0, '00:01:20', 80.056, 0.056),
(2092, 8, 61, 1012.7, 0, '00:01:20', 89.352, 0.352),
(2093, 8, 62, 848.704, 0, '00:01:20', 93.784, 0.784),
(2094, 8, 63, 438.384, 0, '00:01:20', 11.384, 0.384),
(2095, 8, 64, 621.64, 0, '00:01:20', 71.52, 0.52),
(2096, 8, 57, 666, 0, '00:01:30', 74, 0.216),
(2097, 8, 58, 366.6, 0, '00:01:30', 29.8, 0.8),
(2098, 8, 59, 1241.92, 0, '00:01:30', 99.456, 0.456),
(2099, 8, 60, 1070.11, 0, '00:01:30', 80.056, 0.056),
(2100, 8, 61, 1102.05, 0, '00:01:30', 89.352, 0.352),
(2101, 8, 62, 942.488, 0, '00:01:30', 93.784, 0.784),
(2102, 8, 63, 449.768, 0, '00:01:30', 11.384, 0.384),
(2103, 8, 64, 693.16, 0, '00:01:30', 71.52, 0.52),
(2104, 8, 57, 740, 0, '00:01:40', 74, 0.216),
(2105, 8, 58, 396.4, 0, '00:01:40', 29.8, 0.8),
(2106, 8, 59, 1341.38, 0, '00:01:40', 99.456, 0.456),
(2107, 8, 60, 1150.17, 0, '00:01:40', 80.056, 0.056),
(2108, 8, 61, 1191.4, 0, '00:01:40', 89.352, 0.352),
(2109, 8, 62, 1036.27, 0, '00:01:40', 93.784, 0.784),
(2110, 8, 63, 461.152, 0, '00:01:40', 11.384, 0.384),
(2111, 8, 64, 764.68, 0, '00:01:40', 71.52, 0.52),
(2112, 8, 57, 764.216, 0, '00:01:50', 24.216, 0.216),
(2113, 8, 58, 426.2, 0, '00:01:50', 29.8, 0.8),
(2114, 8, 59, 1440.84, 0, '00:01:50', 99.456, 0.456),
(2115, 8, 60, 1230.23, 0, '00:01:50', 80.056, 0.056),
(2116, 8, 61, 1280.75, 0, '00:01:50', 89.352, 0.352),
(2117, 8, 62, 1130.05, 0, '00:01:50', 93.784, 0.784),
(2118, 8, 63, 472.536, 0, '00:01:50', 11.384, 0.384),
(2119, 8, 64, 836.2, 0, '00:01:50', 71.52, 0.52),
(2120, 8, 57, 788.432, 0, '00:02:00', 24.216, 0.216),
(2121, 8, 58, 456, 0, '00:02:00', 29.8, 0.8),
(2122, 8, 59, 1500, 0, '00:02:00', 99.456, 0.456),
(2123, 8, 60, 1310.29, 0, '00:02:00', 80.056, 0.056),
(2124, 8, 61, 1370.1, 0, '00:02:00', 89.352, 0.352),
(2125, 8, 62, 1223.83, 0, '00:02:00', 93.784, 0.784),
(2126, 8, 63, 483.92, 0, '00:02:00', 11.384, 0.384),
(2127, 8, 64, 907.72, 0, '00:02:00', 71.52, 0.52),
(2128, 8, 57, 812.648, 0, '00:02:10', 24.216, 0.216),
(2129, 8, 58, 485.8, 0, '00:02:10', 29.8, 0.8),
(2130, 8, 60, 1390.35, 0, '00:02:10', 80.056, 0.056),
(2131, 8, 61, 1459.45, 0, '00:02:10', 89.352, 0.352),
(2132, 8, 62, 1317.61, 0, '00:02:10', 93.784, 0.784),
(2133, 8, 63, 495.304, 0, '00:02:10', 11.384, 0.384),
(2134, 8, 64, 979.24, 0, '00:02:10', 71.52, 0.52),
(2135, 8, 57, 836.864, 0, '00:02:20', 24.216, 0.216),
(2136, 8, 58, 515.6, 0, '00:02:20', 29.8, 0.8),
(2137, 8, 60, 1470.41, 0, '00:02:20', 80.056, 0.056),
(2138, 8, 61, 1500, 0, '00:02:20', 89.352, 0.352),
(2139, 8, 62, 1411.39, 0, '00:02:20', 93.784, 0.784),
(2140, 8, 63, 506.688, 0, '00:02:20', 11.384, 0.384),
(2141, 8, 64, 1050.76, 0, '00:02:20', 71.52, 0.52),
(2142, 8, 57, 861.08, 0, '00:02:30', 24.216, 0.216),
(2143, 8, 58, 545.4, 0, '00:02:30', 29.8, 0.8),
(2144, 8, 60, 1500, 0, '00:02:30', 80.056, 0.056),
(2145, 8, 62, 1500, 0, '00:02:30', 93.784, 0.784),
(2146, 8, 63, 518.072, 0, '00:02:30', 11.384, 0.384),
(2147, 8, 64, 1122.28, 0, '00:02:30', 71.52, 0.52),
(2148, 8, 57, 885.296, 0, '00:02:40', 24.216, 0.216),
(2149, 8, 58, 575.2, 0, '00:02:40', 29.8, 0.8),
(2150, 8, 63, 529.456, 0, '00:02:40', 11.384, 0.384),
(2151, 8, 64, 1193.8, 0, '00:02:40', 71.52, 0.52),
(2152, 8, 57, 909.512, 0, '00:02:50', 24.216, 0.216),
(2153, 8, 58, 605, 0, '00:02:50', 29.8, 0.8),
(2154, 8, 63, 540.84, 0, '00:02:50', 11.384, 0.384),
(2155, 8, 64, 1265.32, 0, '00:02:50', 71.52, 0.52),
(2156, 8, 57, 933.728, 0, '00:03:00', 24.216, 0.216),
(2157, 8, 58, 634.8, 0, '00:03:00', 29.8, 0.8),
(2158, 8, 63, 552.224, 0, '00:03:00', 11.384, 0.384),
(2159, 8, 64, 1336.84, 0, '00:03:00', 71.52, 0.52),
(2160, 8, 57, 957.944, 0, '00:03:10', 24.216, 0.216),
(2161, 8, 58, 664.6, 0, '00:03:10', 29.8, 0.8),
(2162, 8, 63, 563.608, 0, '00:03:10', 11.384, 0.384),
(2163, 8, 64, 1408.36, 0, '00:03:10', 71.52, 0.52),
(2164, 8, 57, 982.16, 0, '00:03:20', 24.216, 0.216),
(2165, 8, 58, 694.4, 0, '00:03:20', 29.8, 0.8),
(2166, 8, 63, 574.992, 0, '00:03:20', 11.384, 0.384),
(2167, 8, 64, 1479.88, 0, '00:03:20', 71.52, 0.52),
(2168, 8, 57, 1006.38, 0, '00:03:30', 24.216, 0.216),
(2169, 8, 58, 724.2, 0, '00:03:30', 29.8, 0.8),
(2170, 8, 63, 586.376, 0, '00:03:30', 11.384, 0.384),
(2171, 8, 64, 1500, 0, '00:03:30', 71.52, 0.52),
(2172, 8, 57, 1030.6, 0, '00:03:40', 24.216, 0.216),
(2173, 8, 58, 754, 0, '00:03:40', 29.8, 0.8),
(2174, 8, 63, 597.76, 0, '00:03:40', 11.384, 0.384),
(2175, 8, 57, 1054.82, 0, '00:03:50', 24.216, 0.216),
(2176, 8, 58, 783.8, 0, '00:03:50', 29.8, 0.8),
(2177, 8, 63, 609.144, 0, '00:03:50', 11.384, 0.384),
(2178, 8, 57, 1079.04, 0, '00:04:00', 24.216, 0.216),
(2179, 8, 58, 813.6, 0, '00:04:00', 29.8, 0.8),
(2180, 8, 63, 620.528, 0, '00:04:00', 11.384, 0.384),
(2181, 8, 57, 1103.26, 0, '00:04:10', 24.216, 0.216),
(2182, 8, 58, 843.4, 0, '00:04:10', 29.8, 0.8),
(2183, 8, 63, 631.912, 0, '00:04:10', 11.384, 0.384),
(2184, 8, 57, 1127.48, 0, '00:04:20', 24.216, 0.216),
(2185, 8, 58, 873.2, 0, '00:04:20', 29.8, 0.8),
(2186, 8, 63, 643.296, 0, '00:04:20', 11.384, 0.384),
(2187, 8, 57, 1151.7, 0, '00:04:30', 24.216, 0.216),
(2188, 8, 58, 903, 0, '00:04:30', 29.8, 0.8),
(2189, 8, 63, 654.68, 0, '00:04:30', 11.384, 0.384),
(2190, 8, 57, 1175.92, 0, '00:04:40', 24.216, 0.216),
(2191, 8, 58, 932.8, 0, '00:04:40', 29.8, 0.8),
(2192, 8, 63, 666.064, 0, '00:04:40', 11.384, 0.384),
(2193, 8, 57, 1200.14, 0, '00:04:50', 24.216, 0.216),
(2194, 8, 58, 962.6, 0, '00:04:50', 29.8, 0.8),
(2195, 8, 63, 677.448, 0, '00:04:50', 11.384, 0.384),
(2196, 8, 57, 1224.36, 0, '00:05:00', 24.216, 0.216),
(2197, 8, 58, 992.4, 0, '00:05:00', 29.8, 0.8),
(2198, 8, 63, 688.832, 0, '00:05:00', 11.384, 0.384),
(2199, 8, 57, 1248.58, 0, '00:05:10', 24.216, 0.216),
(2200, 8, 58, 1022.2, 0, '00:05:10', 29.8, 0.8),
(2201, 8, 63, 700.216, 0, '00:05:10', 11.384, 0.384),
(2202, 8, 57, 1272.8, 0, '00:05:20', 24.216, 0.216),
(2203, 8, 58, 1052, 0, '00:05:20', 29.8, 0.8),
(2204, 8, 63, 711.6, 0, '00:05:20', 11.384, 0.384),
(2205, 8, 57, 1297.02, 0, '00:05:30', 24.216, 0.216),
(2206, 8, 58, 1081.8, 0, '00:05:30', 29.8, 0.8),
(2207, 8, 63, 722.984, 0, '00:05:30', 11.384, 0.384),
(2208, 8, 57, 1321.24, 0, '00:05:40', 24.216, 0.216),
(2209, 8, 58, 1111.6, 0, '00:05:40', 29.8, 0.8),
(2210, 8, 63, 734.368, 0, '00:05:40', 11.384, 0.384),
(2211, 8, 57, 1345.46, 0, '00:05:50', 24.216, 0.216),
(2212, 8, 58, 1141.4, 0, '00:05:50', 29.8, 0.8),
(2213, 8, 63, 745.752, 0, '00:05:50', 11.384, 0.384),
(2214, 8, 57, 1369.68, 0, '00:06:00', 24.216, 0.216),
(2215, 8, 58, 1171.2, 0, '00:06:00', 29.8, 0.8),
(2216, 8, 63, 757.136, 0, '00:06:00', 11.384, 0.384),
(2217, 8, 57, 1393.9, 0, '00:06:10', 24.216, 0.216),
(2218, 8, 58, 1201, 0, '00:06:10', 29.8, 0.8),
(2219, 8, 63, 768.52, 0, '00:06:10', 11.384, 0.384),
(2220, 8, 57, 1418.12, 0, '00:06:20', 24.216, 0.216),
(2221, 8, 58, 1230.8, 0, '00:06:20', 29.8, 0.8),
(2222, 8, 63, 779.904, 0, '00:06:20', 11.384, 0.384),
(2223, 8, 57, 1442.34, 0, '00:06:30', 24.216, 0.216),
(2224, 8, 58, 1260.6, 0, '00:06:30', 29.8, 0.8),
(2225, 8, 63, 791.288, 0, '00:06:30', 11.384, 0.384),
(2226, 8, 57, 1466.56, 0, '00:06:40', 24.216, 0.216),
(2227, 8, 58, 1290.4, 0, '00:06:40', 29.8, 0.8),
(2228, 8, 63, 802.672, 0, '00:06:40', 11.384, 0.384),
(2229, 8, 57, 1490.78, 0, '00:06:50', 24.216, 0.216),
(2230, 8, 58, 1320.2, 0, '00:06:50', 29.8, 0.8),
(2231, 8, 63, 814.056, 0, '00:06:50', 11.384, 0.384),
(2232, 8, 57, 1500, 0, '00:07:00', 24.216, 0.216),
(2233, 8, 58, 1350, 0, '00:07:00', 29.8, 0.8),
(2234, 8, 63, 825.44, 0, '00:07:00', 11.384, 0.384),
(2235, 8, 58, 1379.8, 0, '00:07:10', 29.8, 0.8),
(2236, 8, 63, 836.824, 0, '00:07:10', 11.384, 0.384),
(2237, 8, 58, 1409.6, 0, '00:07:20', 29.8, 0.8),
(2238, 8, 63, 848.208, 0, '00:07:20', 11.384, 0.384),
(2239, 8, 58, 1439.4, 0, '00:07:30', 29.8, 0.8),
(2240, 8, 63, 859.592, 0, '00:07:30', 11.384, 0.384),
(2241, 8, 58, 1469.2, 0, '00:07:40', 29.8, 0.8),
(2242, 8, 63, 870.976, 0, '00:07:40', 11.384, 0.384),
(2243, 8, 58, 1499, 0, '00:07:50', 29.8, 0.8),
(2244, 8, 63, 882.36, 0, '00:07:50', 11.384, 0.384),
(2245, 8, 58, 1500, 0, '00:08:00', 29.8, 0.8),
(2246, 8, 63, 893.744, 0, '00:08:00', 11.384, 0.384),
(2247, 8, 63, 905.128, 0, '00:08:10', 11.384, 0.384),
(2248, 8, 63, 916.512, 0, '00:08:20', 11.384, 0.384),
(2249, 8, 63, 927.896, 0, '00:08:30', 11.384, 0.384),
(2250, 8, 63, 939.28, 0, '00:08:40', 11.384, 0.384),
(2251, 8, 63, 950.664, 0, '00:08:50', 11.384, 0.384),
(2252, 8, 63, 962.048, 0, '00:09:00', 11.384, 0.384),
(2253, 8, 63, 973.432, 0, '00:09:10', 11.384, 0.384),
(2254, 8, 63, 984.816, 0, '00:09:20', 11.384, 0.384),
(2255, 8, 63, 996.2, 0, '00:09:30', 11.384, 0.384),
(2256, 8, 63, 1007.58, 0, '00:09:40', 11.384, 0.384),
(2257, 8, 63, 1018.96, 0, '00:09:50', 11.384, 0.384),
(2258, 8, 63, 1030.34, 0, '00:10:00', 11.384, 0.384),
(2259, 8, 63, 1041.72, 0, '00:10:10', 11.384, 0.384),
(2260, 8, 63, 1053.1, 0, '00:10:20', 11.384, 0.384),
(2261, 8, 63, 1064.48, 0, '00:10:30', 11.384, 0.384),
(2262, 8, 63, 1075.86, 0, '00:10:40', 11.384, 0.384),
(2263, 8, 63, 1087.24, 0, '00:10:50', 11.384, 0.384),
(2264, 8, 63, 1098.62, 0, '00:11:00', 11.384, 0.384),
(2265, 8, 63, 1110, 0, '00:11:10', 11.384, 0.384),
(2266, 8, 63, 1121.38, 0, '00:11:20', 11.384, 0.384),
(2267, 8, 63, 1132.76, 0, '00:11:30', 11.384, 0.384),
(2268, 8, 63, 1144.14, 0, '00:11:40', 11.384, 0.384),
(2269, 8, 63, 1155.52, 0, '00:11:50', 11.384, 0.384),
(2270, 8, 63, 1166.9, 0, '00:12:00', 11.384, 0.384),
(2271, 8, 63, 1178.28, 0, '00:12:10', 11.384, 0.384),
(2272, 8, 63, 1189.66, 0, '00:12:20', 11.384, 0.384),
(2273, 8, 63, 1201.04, 0, '00:12:30', 11.384, 0.384),
(2274, 8, 63, 1212.42, 0, '00:12:40', 11.384, 0.384),
(2275, 8, 63, 1223.8, 0, '00:12:50', 11.384, 0.384),
(2276, 8, 63, 1235.18, 0, '00:13:00', 11.384, 0.384),
(2277, 8, 63, 1246.56, 0, '00:13:10', 11.384, 0.384),
(2278, 8, 63, 1257.94, 0, '00:13:20', 11.384, 0.384),
(2279, 8, 63, 1269.32, 0, '00:13:30', 11.384, 0.384),
(2280, 8, 63, 1280.7, 0, '00:13:40', 11.384, 0.384),
(2281, 8, 63, 1292.08, 0, '00:13:50', 11.384, 0.384),
(2282, 8, 63, 1303.46, 0, '00:14:00', 11.384, 0.384),
(2283, 8, 63, 1314.84, 0, '00:14:10', 11.384, 0.384),
(2284, 8, 63, 1326.22, 0, '00:14:20', 11.384, 0.384),
(2285, 8, 63, 1337.6, 0, '00:14:30', 11.384, 0.384),
(2286, 8, 63, 1348.98, 0, '00:14:40', 11.384, 0.384),
(2287, 8, 63, 1360.36, 0, '00:14:50', 11.384, 0.384),
(2288, 8, 63, 1371.74, 0, '00:15:00', 11.384, 0.384),
(2289, 8, 63, 1383.12, 0, '00:15:10', 11.384, 0.384),
(2290, 8, 63, 1394.5, 0, '00:15:20', 11.384, 0.384),
(2291, 8, 63, 1405.88, 0, '00:15:30', 11.384, 0.384),
(2292, 8, 63, 1417.26, 0, '00:15:40', 11.384, 0.384),
(2293, 8, 63, 1428.64, 0, '00:15:50', 11.384, 0.384),
(2294, 8, 63, 1440.02, 0, '00:16:00', 11.384, 0.384),
(2295, 8, 63, 1451.4, 0, '00:16:10', 11.384, 0.384),
(2296, 8, 63, 1462.78, 0, '00:16:20', 11.384, 0.384),
(2297, 8, 63, 1474.16, 0, '00:16:30', 11.384, 0.384),
(2298, 8, 63, 1485.54, 0, '00:16:40', 11.384, 0.384),
(2299, 8, 63, 1496.92, 0, '00:16:50', 11.384, 0.384),
(2300, 8, 63, 1500, 0, '00:17:00', 11.384, 0.384);

-- --------------------------------------------------------

--
-- Table structure for table `races`
--

CREATE TABLE `races` (
  `id` int(11) NOT NULL,
  `status` varchar(255) COLLATE utf8_unicode_ci NOT NULL,
  `startedtime` datetime NOT NULL,
  `completedtime` datetime DEFAULT NULL,
  `timetaken` time NOT NULL DEFAULT '00:00:00',
  `distancecovered` int(11) NOT NULL DEFAULT '0'
) ENGINE=InnoDB DEFAULT CHARSET=utf8 COLLATE=utf8_unicode_ci;

--
-- Dumping data for table `races`
--

INSERT INTO `races` (`id`, `status`, `startedtime`, `completedtime`, `timetaken`, `distancecovered`) VALUES
(1, 'Completed', '2018-10-19 00:49:14', '2018-10-19 00:49:59', '00:00:00', 0),
(2, 'Completed', '2018-10-19 00:50:05', '2018-10-19 01:12:32', '00:00:00', 0),
(3, 'Completed', '2018-10-19 01:12:39', '2018-10-19 01:42:39', '00:00:00', 0),
(4, 'Completed', '2018-10-19 01:18:41', '2018-10-19 01:22:01', '00:00:00', 0),
(5, 'Completed', '2018-10-19 01:22:04', '2018-10-19 01:24:41', '00:00:00', 0),
(6, 'Active', '2018-10-19 02:16:29', NULL, '00:00:00', 0),
(7, 'Active', '2018-10-19 02:16:35', NULL, '00:00:00', 0),
(8, 'Completed', '2018-10-19 02:16:38', '2018-10-19 07:31:27', '00:00:00', 0);

--
-- Indexes for dumped tables
--

--
-- Indexes for table `horses`
--
ALTER TABLE `horses`
  ADD PRIMARY KEY (`id`),
  ADD KEY `race_id` (`race_id`);

--
-- Indexes for table `progress`
--
ALTER TABLE `progress`
  ADD PRIMARY KEY (`id`),
  ADD KEY `horseid` (`horseid`),
  ADD KEY `raceid` (`raceid`);

--
-- Indexes for table `races`
--
ALTER TABLE `races`
  ADD PRIMARY KEY (`id`);

--
-- AUTO_INCREMENT for dumped tables
--

--
-- AUTO_INCREMENT for table `horses`
--
ALTER TABLE `horses`
  MODIFY `id` int(11) NOT NULL AUTO_INCREMENT, AUTO_INCREMENT=65;
--
-- AUTO_INCREMENT for table `progress`
--
ALTER TABLE `progress`
  MODIFY `id` int(11) NOT NULL AUTO_INCREMENT, AUTO_INCREMENT=2301;
--
-- AUTO_INCREMENT for table `races`
--
ALTER TABLE `races`
  MODIFY `id` int(11) NOT NULL AUTO_INCREMENT, AUTO_INCREMENT=9;
--
-- Constraints for dumped tables
--

--
-- Constraints for table `horses`
--
ALTER TABLE `horses`
  ADD CONSTRAINT `horses_ibfk_1` FOREIGN KEY (`race_id`) REFERENCES `races` (`id`);

--
-- Constraints for table `progress`
--
ALTER TABLE `progress`
  ADD CONSTRAINT `progress_ibfk_1` FOREIGN KEY (`raceid`) REFERENCES `horses` (`race_id`),
  ADD CONSTRAINT `progress_ibfk_2` FOREIGN KEY (`horseid`) REFERENCES `horses` (`id`);

/*!40101 SET CHARACTER_SET_CLIENT=@OLD_CHARACTER_SET_CLIENT */;
/*!40101 SET CHARACTER_SET_RESULTS=@OLD_CHARACTER_SET_RESULTS */;
/*!40101 SET COLLATION_CONNECTION=@OLD_COLLATION_CONNECTION */;
